12875,コメント
10255,サイト
10127,さま
5708,ブラウザー
4806,テクノロジー
4252,ニュースレター
3594,の
2579,*
1701,.
1669,者
1648,的
1285,利用
1277,研究
1227,MIT
1202,グレートバリアリーフ
1133,年
1118,場合
1083,接続
989,人
940,メディアワークス
892,配信
883,規約
867,お知らせ
859,企業
801,性
776,米国
662,開発
654,by
626,ソーシャルメディア
587,1
586,中
568,化
568,2016
556,可能
527,遺伝子
518,万
501,問題
487,自動車
483,2
460,何
459,治療
458,世界
455,発表
454,記事
449,多く
440,数
431,必要
427,月
426,現在
425,人間
420,,
416,CEO
411,3
408,情報
405,運転
383,方法
378,自動
368,中国
367,計画
365,教授
363,患者
363,VR
362,インフォグラフィックス
358,大学
351,10
347,億
343,提供
343,学習
343,他
338,日
334,私
326,州
313,発電
310,機能
298,型
298,以上
294,科学
293,細胞
292,上
288,-
287,手法
287,事業
286,2017
285,家
284,政府
279,会社
276,用
276,機械
266,製造
259,試験
259,新
258,員
256,関連
256,内
256,Technology
254,現実
252,編集
249,広告
248,車
244,製品
240,販売
240,Review
239,4
234,自分
232,実験
228,実現
225,結果
225,時間
221,大
219,人工
216,前
215,研究所
215,医療
214,電話
214,投資
211,技術
205,安全
202,電気
198,,”
195,機器
194,後
194,5
193,Jamie
193,Condliffe
191,規制
191,等
190,クラウド・ファンディング
189,最近
187,量
186,画像
186,消費
186,従来
185,市場
184,時
183,産業
182,大統領
182,今
180,AI
179,12
175,間
175,影響
173,重要
173,自律
172,検査
171,分野
170,認識
169,効果
166,部
166,誰
166,法
166,同様
165,向け
164,製
163,紙
163,6
162,版
162,所
161,設計
160,専門
160,価格
158,明らか
158,全体
157,電力
157,知能
157,'
156,規模
156,状況
155,脳
155,別
155,一部
153,調査
153,理解
152,新た
152,一
151,非常
151,仕事
150,D
149,経済
149,最初
149,手
148,自身
148,特定
146,共同
145,DNA
144,機
144,11
143,電池
143,資金
142,業界
142,成功
141,操作
141,力
141,今後
140,通信
140,元
138,最大
137,電子
137,商品
137,人々
137,20
135,都市
134,社会
133,記録
133,自社
133,攻撃
133,国
133,以前
132,量子
132,説明
132,解決
132,個人
131,段階
131,クラウド・ブライトニンング
130,年間
129,顧客
129,目
129,政権
128,台
128,一般
127,目標
127,病気
127,実質
127,地域
127,Web
127,7
126,能力
126,生産
126,度
126,使用
126,予定
126,':
125,意味
125,局
124,携帯
124,学
122,政策
121,確認
121,環境
120,状態
120,機関
119,簡単
119,社長
119,昨年
119,効率
119,予測
119,8
118,活動
118,日本
117,責任
117,場所
116,発見
116,工場
116,分析
115,遺伝
115,費用
115,表示
115,映画
115,巨大
115,原因
115,創業
115,制御
115,処理
115,価値
114,2015
113,系
113,療法
113,先
113,主張
113,The
112,装置
111,作業
110,映像
110,医薬品
109,関係
109,管理
109,方
109,成長
109,事故
108,担当
108,/
107,the
106,高速
106,種
106,未来
106,地球
106,公開
106,今年
105,課題
104,高
104,飛行
104,構築
103,道路
103,投稿
103,完全
103,子ども
103,参加
102,投票
102,建設
102,対象
102,存在
102,太陽光
102,動作
102,会
101,物
101,委員
101,09
100,非
100,正確
100,写真
100,保険
99,連邦
99,取引
99,労働
99,体験
99,30
98,評価
98,拡大
97,配達
97,話
97,翻訳
97,組織
97,決定
97,参照
96,生物
96,実施
96,宇宙
95,臨床
95,変化
95,原子力
95,07
94,百
94,病
94,理由
94,点
94,今回
93,内容
93,km
93,9
93,03
92,議論
92,誌
92,監視
92,将来
92,医師
92,保護
91,衛星
91,薬
91,目的
91,無線
91,副
91,再
91,以下
90,音声
90,炉
90,改善
90,当局
90,分
89,部分
89,最高
89,工学
89,十
89,光
88,最終
88,支援
88,小型
88,再生
88,02
87,室
87,100
86,複雑
86,米
86,注目
85,腫瘍
85,発生
85,掲載
85,件
85,アベオナ・セラプューティクス
84,設立
84,強化
84,反応
83,通常
83,訓練
83,業
83,植物
83,全
83,健康
82,顔
82,走行
82,購入
82,血液
82,種類
82,最新
82,半導体
82,助教授
82,体
81,暗号
81,大量
81,十分
81,事実
81,X
80,英国
80,政治
80,FDA
80,15
80,08
79,期待
79,手段
79,所有
79,全て
79,倍
79,以外
79,2014
78,障害
78,初
78,共有
78,s
78,CRISPR
77,行動
77,本
77,of
76,追跡
76,競争
76,疾患
76,性能
76,契約
76,向上
76,収集
76,供給
75,額
75,買収
75,詳細
75,診断
75,設置
75,普及
75,家庭
75,信号
75,世界中
75,グローバルイノベータズーアンダー
74,金
74,実用
74,一方
73,対応
72,水
72,手術
72,女性
72,同社
72,動き
72,初期
72,主
72,false
71,選挙
71,論文
71,登場
71,検索
71,基本
71,削減
71,低
71,以内
70,率
70,気候
70,検討
70,時代
70,採用
70,店舗
70,判断
70,a
70,01
69,風力
69,経営
69,移動
69,画面
69,活用
69,カ月
69,その後
69,危険
69,利益
69,T
69,FCC
68,開催
68,済み
68,次
68,権
68,明確
68,二酸化炭素
68,50
67,雇用
67,金融
67,達成
67,運営
67,進歩
67,自然
67,網
67,空間
67,治験
67,施設
67,形
67,増加
67,Facebook
66,開始
66,長
66,本社
66,所長
66,展開
66,国家
66,単純
65,長官
65,部長
65,禁止
65,構想
65,排出
65,准
65,候補
65,作成
65,Tom
65,Simonite
64,高度
64,配送
64,追加
64,考え
64,疑問
64,導入
64,お客
64,品
63,食品
63,間違い
63,部品
63,無料
63,懸念
63,報告
63,化学
63,to
63,18
63,04
63,{
62,証明
62,言葉
62,失敗
62,売上
62,回
62,動画
62,2013
61,関心
61,社
61,歳
61,搭載
61,従業
61,医学
61,位置
60,過去
60,複数
60,特許
60,新型
60,戦略
60,対処
60,変異
59,既存
59,成果
59,店
59,対策
59,取材
59,原子
59,協力
59,下
59,25
58,部門
58,検出
58,団体
57,超
57,解析
57,書
57,提案
57,捜査
57,拡張
57,承認
57,感染
57,外
57,先週
57,13
56,近く
56,範囲
56,発言
56,特徴
56,指摘
56,意見
56,変動
56,地図
56,iPhone
55,策
55,確実
55,症
55,燃料
55,氏
55,安価
55,人物
55,不明
55,com
55,21
55,ヘッドマウンテッドディスプレイ
54,領域
54,需要
54,送電
54,計算
54,蚊
54,線
54,神経
54,業者
54,料金
54,支持
54,応用
54,変更
54,国内
54,Google
54,24
53,言語
53,精度
53,発展
53,病院
53,実行
53,大手
53,免疫
53,会議
53,中心
52,配列
52,輸送
52,許可
52,設定
52,自宅
52,法律
52,構造
52,校
52,強力
52,市
52,実証
52,初め
52,充電
52,14
52,0
51,送信
51,買い物
51,撮影
51,感
51,実
51,停止
50,質問
50,確か
50,生活
50,準備
50,方式
50,大幅
50,国際
50,倉庫
49,通り
49,規則
49,監督
49,各
49,制限
49,例
49,人気
49,主義
49,40
48,適用
48,車両
48,調整
48,稼働
48,石炭
48,感覚
48,当社
48,完成
48,壁
48,取得
48,修正
48,作物
48,会話
48,(
47,進化
47,週間
47,タンパク質
47,症状
47,犯罪
47,気
47,最適
47,提携
47,急速
47,平均
47,報道
47,側
47,付き
47,予想
47,and
47,16
47,:
46,配車
46,視覚
46,補助
46,行為
46,生成
46,未
46,方針
46,名前
46,優先
46,以来
46,Reilly
46,NSA
46,Michael
46,ARM
45,銀行
45,進出
45,直接
45,皮膚
45,独自
45,火星
45,源
45,決断
45,死亡
45,批判
45,希望
45,場
45,国民
45,傾向
45,New
45,IBM
45,5000
45,23
45,2000
45,%
44,高価
44,運用
44,要求
44,表現
44,英語
44,組み換え
44,石油
44,発売
44,困難
44,交通
44,Will
44,Bloomberg
44,A
44,19
44,?
43,費
43,警告
43,試作
43,経験
43,用途
43,物質
43,深層
43,比較
43,有効
43,学者
43,商業
43,内蔵
43,個
43,',
42,際
42,進行
42,議会
42,荷物
42,自由
42,相当
42,登録
42,界
42,減少
42,拠点
42,役割
42,マサチューセッツ工科大学
42,子会社
42,基準
42,主要
42,Orcutt
42,Mike
42,1000
41,財団
41,直面
41,客
41,地
41,判明
41,保存
41,代わり
41,人類
41,DARPA
41,35
41,2020
41,)
40,金属
40,自ら
40,異常
40,信頼
40,会員
40,今週
40,人口
40,ISP
40,FBI
39,適切
39,身体
39,距離
39,相手
39,発明
39,現時点
39,特別
39,注意
39,旅行
39,意図
39,年代
39,名
39,千
39,人種
39,=
38,読者
38,船
38,移植
38,機会
38,条件
38,指示
38,宣伝
38,学生
38,商用
38,分の
38,他社
38,不可能
38,上昇
38,Times
38,28
38,27
38,06
37,違い
37,速度
37,記者
37,要素
37,被害
37,脅威
37,次元
37,標的
37,材料
37,教育
37,収入
37,動物
37,制度
37,値
37,乗客
37,e
37,29
36,設備
36,物理
36,測定
36,注文
36,権限
36,料
36,推定
36,差別
36,住宅
36,二
36,Wi
36,Fi
36,E
36,500
35,高額
35,閉鎖
35,長期
35,適
35,過程
35,ねつ造
35,農業
35,足
35,起業
35,維持
35,程度
35,派
35,歴史
35,文
35,改良
35,想像
35,国立
35,個々
35,Regalado
35,Knight
35,FAA
35,AT
35,Antonio
35,&
34,魅力
34,飛行機
34,面
34,集中
34,航空
34,端末
34,物体
34,熱
34,注入
34,最先端
34,更新
34,方向
34,層
34,外科
34,回収
34,同士
34,反対
34,医
34,不安
34,m
34,for
34,EU
34,90
34,17
34,@
33,音楽
33,革新
33,貨物
33,論争
33,調達
33,証拠
33,膨大
33,競合
33,知識
33,無人
33,民間
33,業務
33,本物
33,有名
33,文書
33,家族
33,回避
33,回復
33,営利
33,取締役
33,制作
33,公表
33,Emily
32,要因
32,装着
32,色
32,興味
32,老化
32,立場
32,確
32,理論
32,獲得
32,独立
32,波
32,決済
32,時点
32,新設
32,推進
32,市販
32,多数
32,周囲
32,再現
32,侵入
32,Mullin
32,in
32,2012
31,音
31,通貨
31,語
31,誕生
31,試し
31,見込み
31,緩和
31,確保
31,男性
31,混乱
31,深刻
31,欠陥
31,様子
31,構成
31,検証
31,格差
31,末
31,最後
31,急
31,島
31,外国
31,取り組み
31,劇的
31,内部
31,依存
31,事件
31,上級
31,v
31,RNA
30,自動的
30,無視
30,温暖
30,毎年
30,来年
30,有権者
30,数カ月
30,改変
30,操縦
30,役員
30,当時
30,幹部
30,官
30,唯一
30,公共
30,入手
30,先端
30,倫理
30,低下
30,中止
30,両社
30,不要
30,下落
30,一環
29,頭
29,限り
29,道
29,話題
29,職
29,約束
29,移行
29,発症
29,新規
29,採取
29,把握
29,形成
29,弊社
29,幹
29,専用
29,太陽
29,大気
29,大型
29,声
29,場面
29,基
29,品質
29,卵子
29,剤
29,判定
29,保障
29,便利
29,住民
29,予算
29,中立
29,不
29,PC
29,200
28,雑誌
28,陽子
28,限定
28,重大
28,選択
28,運動
28,近年
28,転換
28,資源
28,警察
28,航空機
28,自己
28,経由
28,紹介
28,申請
28,検閲
28,日本語
28,採掘
28,変換
28,合成
28,各国
28,勝利
28,分子
28,全米
28,個別
28,仮想
28,代表
28,York
28,ARPA
28,2011
27,革命
27,軍
27,負担
27,豊富
27,認可
27,観客
27,視
27,衝突
27,欧州
27,最
27,投与
27,心配
27,小規模
27,対抗
27,好き
27,塩基
27,区別
27,創造
27,出資
27,出来事
27,体内
27,予約
27,三
27,Wave
27,skin
27,showTitle
27,showDescription
27,GM
27,Alexa
27,22
27,05
27,}
26,選択肢
26,質
26,講演
26,見解
26,街
26,継続
26,統計
26,秘密
26,破壊
26,エネルギー省
26,火力
26,有望
26,感情
26,当初
26,国防
26,器
26,同意
26,合意
26,分散
26,促進
26,以降
26,その他
26,中央
26,Siri
26,LED
26,Is
26,IoT
26,GE
26,60
25,高性能
25,長年
25,識別
25,総
25,組み合わせ
25,真実
25,洋上
25,次世代
25,標準
25,概念
25,根本
25,核
25,期間
25,期
25,時期
25,戦争
25,小売
25,審査
25,カ国
25,回路
25,受精
25,参入
25,区
25,再発
25,保証
25,任務
25,仕組み
25,事態
25,一時
25,M
25,Amazon
25,26
25,2010
25,2009
25,+
24,風
24,診療
24,装備
24,背景
24,空
24,状
24,無
24,海外
24,株式
24,本当
24,支配
24,支払い
24,損失
24,微生物
24,工程
24,容量
24,宅配
24,姿
24,大学院生
24,多様
24,執筆
24,固定
24,周辺
24,吸収
24,同
24,印刷
24,単位
24,加速
24,創設
24,世紀
24,Rachel
24,クラウドコンピューティングサービス
23,集団
23,限界
23,連絡
23,途上
23,解像度
23,製薬
23,表明
23,衛生
23,菌
23,腕
23,縮小
23,統合
23,真
23,用意
23,汚染
23,有利
23,文字
23,提出
23,カ所
23,式
23,建物
23,広範囲
23,市民
23,夏
23,基盤
23,合計
23,兆候
23,乾燥
23,主任
23,世代
23,Street
23,Metz
23,BMW
23,80
23,://
22,食料
22,音波
22,脆弱
22,絶滅
22,経路
22,積極
22,現象
22,没入
22,歩行
22,歩
22,模索
22,株式会社
22,東京
22,想定
22,後半
22,廃止
22,変革
22,化石
22,加入
22,削除
22,先進
22,位
22,交換
22,不足
22,不可欠
22,www
22,NRG
22,Nanette
22,Journal
22,Internet
22,Guardian
22,from
22,Byrnes
22,トヨタ・リサーチ・インスティテュート
21,駐車
21,除去
21,阻止
21,金額
21,遮断
21,通知
21,軌道
21,身
21,議員
21,観察
21,結局
21,箱
21,答え
21,社内
21,物語
21,燃費
21,炭素
21,潜在
21,法則
21,未満
21,暦本
21,日常
21,文化
21,数学
21,放射線
21,改造
21,損傷
21,持続
21,恐れ
21,対
21,大半
21,塩
21,命令
21,史上
21,募集
21,出版
21,円
21,入力
21,保健
21,会合
21,代
21,人体
21,一番
21,Galaxy
20,頃
20,離脱
20,適応
20,考慮
20,終了
20,筋肉
20,筋
20,第三者
20,確信
20,真剣
20,白血病
20,登壇
20,生殖
20,生命
20,現
20,民主
20,残念
20,業績
20,検知
20,柔軟
20,普通
20,時計
20,昆虫
20,撤廃
20,拒否
20,意識
20,従事
20,小売り
20,定義
20,声明
20,基礎
20,地上
20,回答
20,営業
20,口
20,原発
20,危機
20,協会
20,半
20,努力
20,助成
20,分類
20,共通
20,優位
20,作品
20,事例
20,両方
20,Wall
20,S
20,https
20,GPS
20,BBC
20,31
19,食べ物
19,電波
19,長距離
19,逆
19,貢献
19,触覚
19,解除
19,解明
19,製作
19,緊急
19,精子
19,秒
19,発送
19,発行
19,発射
19,疾病
19,現代
19,物流
19,滴滴
19,注射
19,治癒
19,歓迎
19,次期
19,機種
19,棚
19,最悪
19,新薬
19,散布
19,損害
19,拡散
19,懐疑
19,慎重
19,悪化
19,弁護士
19,年内
19,差
19,少数
19,小児
19,安定
19,大胆
19,友人
19,卵
19,助言
19,制約
19,体外
19,代替
19,Pokémon
19,HTC
19,Energy
19,DIUx
19,Could
18,飛躍
18,お金
18,農家
18,記憶
18,裁判所
18,被験者
18,薬剤
18,著者
18,自国
18,自体
18,糖尿
18,白人
18,発揮
18,画期的
18,現場
18,満足
18,水準
18,母親
18,本質
18,数字
18,提示
18,推薦
18,指標
18,手続き
18,我々
18,急増
18,思考
18,強調
18,平野
18,容疑
18,子
18,大学院
18,夢
18,夜
18,基板
18,地元
18,同等
18,収穫
18,参考
18,原理
18,博士
18,割合
18,割
18,具体
18,共和党
18,公平
18,依頼
18,不十分
18,上手
18,youtube
18,watch
18,Twitter
18,playerParam
18,OO
18,Note
18,ISIS
18,G
18,EmTech
18,8000
18,300
18,},
18,':'
17,麻痺
17,電源
17,防止
17,閲覧
17,開示
17,野心
17,部屋
17,運輸
17,透明
17,誰か
17,訪問
17,解雇
17,観点
17,視聴
17,視線
17,表情
17,脊髄
17,素材
17,税
17,社員
17,相互
17,発光
17,番号
17,略
17,現金
17,民族
17,根絶
17,本人
17,有害
17,曲
17,星
17,日間
17,あり方
17,文章
17,投入
17,恩恵
17,心臓
17,心
17,当たり
17,広報
17,干渉
17,希少
17,工科
17,屋根
17,宣言
17,定期
17,天然
17,報酬
17,地区
17,周り
17,否定
17,司法
17,半分
17,匿名
17,出身
17,克服
17,保管
17,体制
17,乗車
17,乗用車
17,不正
17,一緒
17,YouTube
17,You
17,with
17,Tesla
17,Signe
17,Reuters
17,NASA
17,kg
17,iOS
17,Echo
17,Brewster
17,AR
17,400
17,360
17,2025
16,顧問
16,選出
16,遠隔
16,逮捕
16,通話
16,諜報
16,認知
16,計測
16,言及
16,親
16,規定
16,見た目
16,補佐
16,融合
16,若者
16,自
16,網膜
16,細菌
16,節約
16,知的
16,眼
16,皆さま
16,番組
16,現状
16,爆発
16,溶融
16,毎日
16,欄
16,株価
16,枚
16,板
16,本格
16,本来
16,有力
16,月額
16,書籍
16,料理
16,放出
16,支出
16,擁護
16,措置
16,探知
16,挑戦
16,指導
16,技能
16,手がかり
16,感知
16,意思
16,形状
16,形態
16,年版
16,州立
16,学術
16,士
16,問い合わせ
16,合併
16,号
16,台数
16,受信
16,収益
16,協定
16,前進
16,出荷
16,全般
16,側面
16,偏見
16,作用
16,他人
16,今日
16,予防
16,不満
16,一連
16,technologyreview
16,NHTSA
16,Moment
16,GPU
16,b
16,Are
16,75
16,150
15,難易
15,関与
15,鍵
15,野望
15,重視
15,酵母
15,車線
15,赤
15,賞
15,触媒
15,視点
15,蓄積
15,腎臓
15,群
15,署名
15,繊維
15,編隊
15,結論
15,結晶
15,筋ジストロフィー
15,省
15,用品
15,理事
15,特
15,無関係
15,海
15,法的
15,毎月
15,欠点
15,権利
15,枠
15,有料
15,早期
15,新興
15,整備
15,戦い
15,意欲
15,惑星
15,性質
15,急激
15,得意
15,当面
15,工業
15,就任
15,寿命
15,完璧
15,多額
15,壮大
15,器具
15,各社
15,反映
15,反
15,友だち
15,刺激
15,制定
15,修復
15,信用
15,作動
15,余地
15,会長
15,仕様
15,事情
15,乳がん
15,上記
15,Why
15,W
15,Vive
15,Virtual
15,Verge
15,Reality
15,on
15,GDF
15,EV
15,CTO
15,CIA
15,C
15,c
15,70
15,6000
14,高級
14,頻繁
14,順調
14,韓国
14,非難
14,進展
14,追求
14,迅速
14,資格
14,賃金
14,貧困
14,警備
14,請求
14,解読
14,見方
14,著作
14,胚
14,総額
14,級
14,競技
14,立ち
14,確立
14,確率
14,確定
14,着陸
14,発注
14,発想
14,理想
14,現地
14,狙い
14,熱心
14,照射
14,無効
14,洗濯
14,法人
14,気球
14,株
14,本体
14,有用
14,明白
14,施行
14,振動
14,指名
14,指
14,所属
14,成熟
14,幸せ
14,帯
14,対戦
14,実態
14,姿勢
14,大陸
14,オックスフォード大学
14,在住
14,圧倒的
14,国防総省
14,回転
14,合理
14,受賞
14,印象
14,南
14,分離
14,分解
14,光ファイバー
14,例外
14,企画
14,令
14,付加
14,介入
14,人材
14,両
14,世論
14,不快
14,不安定
14,不妊
14,上院
14,上限
14,Woyke
14,More
14,GO
14,Go
14,Gear
14,Elizabeth
14,API
14,Android
14,99
14,48
14,250
14,2030
14,2018
14,1500
13,骨格
13,香り
13,食事
13,面倒
13,防御
13,都
13,違反
13,道のり
13,迷惑
13,返金
13,財務
13,誘導
13,試行錯誤
13,許諾
13,親会社
13,衝撃
13,薬品
13,航空局
13,致命
13,臓器
13,精査
13,策定
13,第一歩
13,秒間
13,矛盾
13,百科
13,番目
13,班
13,特殊
13,災害
13,火曜日
13,液体
13,活性
13,汎用
13,正社員
13,正式
13,機構
13,本部
13,有益
13,新手
13,接触
13,指針
13,指定
13,扱い
13,手話
13,成人
13,悪影響
13,性別
13,後ろ
13,年齢
13,平方
13,席
13,左右
13,展示
13,対照
13,妊娠
13,カリフォルニア大
13,増大
13,地面
13,地位
13,命
13,告発
13,反射
13,卵巣
13,匂い
13,加工
13,創刊
13,副作用
13,到達
13,利便
13,列
13,処置
13,レーザー光線
13,働き
13,保有
13,保持
13,事典
13,一致
13,Your
13,Technologies
13,Power
13,How
13,CAR
13,B
13,4000
13,33
13,インディアンポイントエネルギーセンター
12,首都
12,類似
12,頼み
12,開発元
12,銃
12,野生
12,配置
12,配偶
12,選考
12,過激
12,データ通信
12,輸血
12,車体
12,赤ちゃん
12,財産
12,議長
12,説得
12,解釈
12,解消
12,規程
12,要請
12,血
12,著名
12,莫大
12,苦労
12,自治体
12,自殺
12,職場
12,耳
12,考案
12,突然変異
12,空港
12,知事
12,痛み
12,症候群
12,生態
12,生
12,爆弾
12,無駄
12,炭鉱
12,波長
12,気持ち
12,気分
12,死者
12,死
12,楽観
12,根拠
12,有人
12,断片
12,探求
12,指揮
12,手順
12,扉
12,意志
12,心理
12,微細
12,復活
12,彼女
12,局長
12,学校
12,子宮
12,大衆
12,大々的
12,大変
12,外部
12,売却
12,地帯
12,圏
12,周波数
12,厳格
12,原文
12,原則
12,協調
12,匹
12,前半
12,再開
12,兼
12,公式
12,倍増
12,係
12,便
12,伝送
12,代金
12,人数
12,交流
12,主導
12,不全
12,上げ
12,一種
12,一定
12,Y
12,This
12,Plus
12,Play
12,OS
12,org
12,Nature
12,L
12,IT
12,Gus
12,Gengo
12,F
12,Digital
12,CapCam
12,Breakthrough
12,Bitcoin
12,Be
12,at
12,2003
12,1990
12,_
11,高齢
11,開設
11,重量
11,アミノ酸
11,部位
11,違法
11,遅々
11,通報
11,農作物
11,諸国
11,調理
11,課程
11,試行
11,診察
11,記念
11,見積もり
11,衰退
11,表面
11,行
11,花
11,色盲
11,自信
11,胡
11,聴覚
11,考え方
11,義務
11,置換
11,緑
11,絶対
11,組合
11,組
11,紛争
11,立案
11,発火
11,産
11,生理
11,生体
11,率直
11,焦点
11,無理
11,消滅
11,流通
11,流れ
11,沿岸
11,気温
11,民主党
11,欧米
11,機体
11,望み
11,曖昧
11,時代遅れ
11,敷設
11,故障
11,援助
11,推奨
11,抽出
11,披露
11,感じ
11,怒り
11,必然
11,後押し
11,建造
11,床
11,広範
11,広大
11,市内
11,崩壊
11,山
11,展望
11,実績
11,完了
11,妨害
11,妥当
11,地点
11,地下
11,土地
11,国境
11,器官
11,嗅覚
11,口座
11,単独
11,北京
11,動機
11,動向
11,助け
11,割引
11,到来
11,分間
11,冷却
11,兵器
11,公衆
11,全国
11,先行
11,兆
11,伝統
11,介護
11,人生
11,人権
11,主催
11,世帯
11,不動産
11,下院
11,上空
11,TRI
11,Ryan
11,Robots
11,Oculus
11,NIH
11,NCI
11,May
11,Martin
11,It
11,is
11,Get
11,DDoS
11,Cross
11,Can
11,65
11,2008
11,2006
11,180
11,コンシューマー・エレクトロニクス・ショー
10,黒人
10,駅
10,首
10,館
10,項目
10,電流
10,電極
10,雰囲気
10,集積
10,鏡
10,鉱山
10,ロイター通信
10,送受信
10,近所
10,輸入
10,車載
10,資料
10,貯蔵
10,警察官
10,試験管
10,視界
10,視力
10,見通し
10,表
10,街灯
10,行使
10,自閉症
10,腸
10,脳腫瘍
10,脂肪
10,背後
10,職員
10,繁殖
10,精神
10,窃盗
10,空中
10,知覚
10,相談
10,直前
10,白
10,発信
10,疑念
10,町
10,申し込み
10,特性
10,物資
10,照明
10,潮
10,漏洩
10,漏えい
10,港
10,温度
10,正体
10,案
10,木
10,月曜日
10,最中
10,昔
10,明言
10,撲滅
10,採算
10,排除
10,指令
10,担保
10,戦
10,感謝
10,心拍
10,形式
10,強み
10,庁
10,巨額
10,完
10,安心
10,学会
10,存続
10,媒介
10,委託
10,大都市
10,夢中
10,夜間
10,執行
10,へき地
10,在庫
10,圧力
10,図
10,囲碁
10,名誉
10,受容
10,取り扱い
10,原虫
10,単語
10,協同
10,半数
10,午後
10,匹敵
10,北米
10,創出
10,利点
10,切断
10,出発
10,共著
10,保守
10,侵害
10,会場
10,仮説
10,人びと
10,事項
10,予備
10,上海
10,一切
10,zdzisiekm
10,That
10,that
10,t
10,Strimvelis
10,SF
10,Richard
10,ready
10,mRNA
10,Mi
10,HLI
10,GSK
10,GDP
10,FTC
10,Fabric
10,Car
10,but
10,91
10,800
10,7000
10,3000
10,2005
10,)、
9,骨髄
9,驚き
9,駆動
9,首相
9,類
9,顕微鏡
9,頻度
9,頓挫
9,青色
9,電解
9,電化
9,雪
9,陣
9,鉄道
9,選
9,道具
9,運搬
9,送金
9,転移
9,軍事
9,車輪
9,車種
9,車内
9,路上
9,賛成
9,資産
9,象徴
9,豊か
9,警報
9,課金
9,試合
9,評判
9,訴訟
9,訴求
9,記述
9,記載
9,見直し
9,西森
9,補充
9,裁定
9,裁判
9,被告
9,航行
9,腎
9,職業
9,習得
9,結合
9,経過
9,粒子
9,算出
9,窓
9,移民
9,科
9,瞬間
9,着手
9,直接的
9,直後
9,発
9,生存
9,玩具
9,温室
9,渋滞
9,派手
9,活躍
9,活発
9,法案
9,法廷
9,沿い
9,水中
9,毎週
9,機密
9,核酸
9,条
9,本誌
9,服
9,最小
9,書類
9,明示
9,日々
9,新種
9,敵対
9,数々
9,放送
9,改正
9,支払
9,換え
9,提唱
9,推測
9,抵抗
9,抗体
9,抑制
9,手首
9,手作業
9,所得
9,成立
9,成層圏
9,性的
9,急落
9,思い
9,徹底的
9,役
9,形勢
9,引用
9,延長
9,度目
9,年末
9,干ばつ
9,巨人
9,少年
9,小説
9,対話
9,対立
9,容易
9,家電
9,実装
9,実地
9,宇宙船
9,妻
9,失明
9,大勢
9,大事
9,外見
9,境界
9,基地
9,在籍
9,嘘
9,商
9,各地
9,即座
9,半ば
9,千代田
9,勢い
9,出力
9,出
9,全面
9,全員
9,入国
9,光合成
9,先月
9,偉業
9,使い捨て
9,使命
9,作戦
9,作家
9,余裕
9,今度
9,事前
9,争い
9,主流
9,両親
9,両者
9,上場
9,一流
9,一因
9,xPLSo
9,Wired
9,window
9,WeChat
9,var
9,Uber
9,static
9,startScreen
9,stable
9,seq
9,Rd
9,RAM
9,pp
9,plugin
9,playerBrandingId
9,Player
9,player
9,pcode
9,pauseScreen
9,ooyalaContainer
9,ooyala
9,MAP
9,loop
9,LinkedIn
9,K
9,json
9,Jiv
9,James
9,j
9,inline
9,Inc
9,IEA
9,ICANN
9,HER
9,FvbGkyOtJVFD
9,function
9,Financial
9,endScreen
9,Emerging
9,edae
9,ea
9,DNS
9,DGX
9,David
9,create
9,config
9,cm
9,cfc
9,autoplay
9,Assistant
9,American
9,AlphaGo
9,ae
9,68164
9,32
9,1899
9,186
9,00
9,ニューキャッスル・ファーテリティー・センター
9,#
9,});
9,};
9,);
9,()
9,('
9,'//
8,駆除
8,顕著
8,順位
8,靴
8,電
8,離陸
8,階
8,陽極
8,開店
8,長者
8,長期間
8,イングランド銀行
8,重
8,選手
8,遭遇
8,適合
8,過剰
8,週
8,送達
8,輪
8,軽量
8,身代金
8,賞金
8,資本
8,貴重
8,諸
8,論
8,試用
8,詐欺
8,証券
8,許容
8,観
8,ご覧
8,視野
8,要望
8,西洋
8,表皮
8,血管
8,血漿
8,英
8,トヨタ自動車
8,肉体
8,耐性
8,翼
8,総合
8,給与
8,結腸
8,端
8,空気
8,積載
8,種子
8,短縮
8,知性
8,睡眠
8,着目
8,皆
8,発達
8,発病
8,発現
8,男
8,産出
8,理念
8,独占
8,犯
8,犠牲
8,特有
8,片方
8,照合
8,無数
8,無償
8,淡水
8,海面
8,海水
8,流行
8,流出
8,洪水
8,求職
8,永久
8,残り
8,正解
8,正常
8,案内
8,栽培
8,格安
8,朝
8,最低
8,暴露
8,暴落
8,暴力
8,旧
8,日産
8,新車
8,整理
8,掘削
8,抗
8,投下
8,才能
8,手間
8,手助け
8,戦闘
8,慣行
8,慢性
8,慈善
8,感動
8,意向
8,悪夢
8,性格
8,急性
8,当
8,強引
8,弱点
8,幅
8,常識
8,巧妙
8,屋外
8,屋上
8,富
8,実物
8,実感
8,大金
8,プリンストン大学
8,大好き
8,大まか
8,増設
8,培養
8,土
8,固有
8,噂
8,味覚
8,合致
8,台頭
8,可決
8,原油
8,協議
8,勧誘
8,勝者
8,到着
8,判決
8,分割
8,出席
8,全部
8,偉大
8,使い方
8,伝染
8,仮定
8,代謝
8,付属
8,享受
8,交渉
8,中間
8,中身
8,不適切
8,不能
8,不具合
8,上位
8,一貫
8,一覧
8,What
8,We
8,Test
8,SUV
8,Science
8,Rift
8,Q
8,Problem
8,Optane
8,Now
8,Make
8,jp
8,Jason
8,Japan
8,Intel
8,I
8,has
8,Conference
8,Companies
8,Cars
8,Bluetooth
8,been
8,Autopilot
8,as
8,arXiv
8,an
8,Adblock
8,7500
8,64
8,600
8,2007
8,160
8,130
7,鼻
7,魔法
7,食物
7,音響
7,面積
7,露呈
7,除外
7,阻害
7,関数
7,開放
7,録
7,錠
7,鉄
7,金曜日
7,配布
7,選別
7,遠心分離機
7,過熱
7,進捗
7,連携
7,途方
7,途中
7,近日
7,辞書
7,転送
7,躍起
7,起訴
7,賭け
7,賛同
7,諸島
7,請負
7,課税
7,認定
7,評論
7,解
7,観測
7,規格
7,複製
7,裏
7,蛍光
7,落下
7,萎縮
7,芸術
7,自営
7,聴衆
7,義肢
7,緻密
7,緑色
7,給料
7,納入
7,精密
7,簡素
7,箇所
7,究極
7,税金
7,祭
7,票
7,着用
7,着工
7,相
7,皿
7,皮質
7,発効
7,病原菌
7,疎通
7,異議
7,番
7,由来
7,用語
7,用紙
7,生地
7,現行
7,猫
7,特集
7,演説
7,漏れ
7,滅多
7,混雑
7,海洋
7,海岸
7,油田
7,沖
7,水曜日
7,気象
7,母集団
7,母乳
7,歴
7,次官補
7,標識
7,標本
7,様々
7,概要
7,極端
7,株主
7,染色
7,東芝
7,本拠地
7,本土
7,有線
7,最大手
7,普段
7,時給
7,文字通り
7,改革
7,改訂
7,操業
7,控除
7,探索
7,指向
7,指先
7,拠出
7,打撃
7,成分
7,患部
7,快適
7,応答
7,徳井
7,微妙
7,形質
7,強制
7,度合い
7,底
7,幹線
7,平
7,師
7,嵐
7,居住
7,専門医
7,対談
7,密接
7,寄稿
7,宿泊
7,害虫
7,害
7,室内
7,客観
7,始動
7,妥協
7,奇妙
7,大尉
7,大切
7,ばく大
7,外交
7,地方
7,合田
7,司法省
7,厳密
7,原材料
7,原料
7,即時
7,南部
7,医者
7,医学部
7,北海
7,化合
7,包括
7,勢力
7,前方
7,前後
7,前年
7,お前
7,判別
7,初頭
7,出費
7,出前
7,再考
7,共感
7,共和
7,共催
7,公約
7,光景
7,光学
7,充実
7,備蓄
7,偽物
7,停電
7,停滞
7,値段
7,侵襲
7,作
7,伸び
7,代理
7,介在
7,乳房
7,主力
7,中略
7,中核
7,中断
7,不平等
7,不公平
7,一見
7,Weintraub
7,Washington
7,Up
7,Under
7,U
7,Temple
7,Robot
7,Post
7,PIN
7,No
7,Next
7,Much
7,MATCH
7,KADOKAWA
7,Its
7,IPO
7,IP
7,Innovators
7,First
7,FF
7,FAX
7,CO
7,CITL
7,Chrome
7,CES
7,Cancer
7,Bio
7,As
7,Artificial
7,Apple
7,88
7,55
7,49
7,47
7,42
7,1998
7,123
7,シャーロックマン・エグゼクティブ・ディレクター
6,黒鉛
6,高官
6,高周波
6,骨
6,駆使
6,食
6,風景
6,領海
6,青
6,雲
6,雑貨
6,集合
6,隣
6,障壁
6,陣営
6,闘争
6,間近
6,長所
6,錠剤
6,金銭
6,重複
6,重点
6,酵素
6,部隊
6,郡
6,郊外
6,邪魔
6,避妊
6,遵守
6,遣い
6,遠く
6,運送
6,連鎖
6,退社
6,農村
6,軍人
6,赤血球
6,負荷
6,警戒
6,論点
6,課長
6,誤り
6,誠実
6,認証
6,試算
6,証
6,討論
6,計
6,解説
6,解放
6,角
6,観光
6,融資
6,芽
6,自称
6,脇
6,習慣
6,総裁
6,緊張
6,絶え間
6,絵
6,統制
6,経口
6,納税
6,米ドル
6,管
6,空輸
6,空軍
6,秘匿
6,示唆
6,短期
6,着想
6,着実
6,眼科
6,相乗り
6,直感
6,監査
6,盗難
6,皮肉
6,発案
6,症例
6,うつ病
6,異
6,生理学
6,生息
6,独特
6,犬
6,牛
6,父親
6,熱狂
6,デング熱
6,熟練
6,点数
6,演奏
6,決定的
6,汗
6,永続
6,水素
6,お気に入り
6,母
6,歩道
6,正
6,橋
6,横
6,権力
6,様
6,楽しみ
6,植民
6,梱包
6,案件
6,格納
6,杯
6,本気
6,本日
6,未知
6,木曜日
6,有能
6,有機
6,最長
6,最大限
6,時速
6,時価
6,日産自動車
6,旅
6,敵
6,救助
6,放棄
6,撤退
6,撃墜
6,控訴
6,招待
6,抗議
6,抗生
6,手足
6,息子
6,応募
6,志願
6,志向
6,心筋
6,復旧
6,後期
6,影
6,当分
6,ぜい弱
6,廃棄
6,座席
6,平方メートル
6,差異
6,工学部
6,巡回
6,履歴
6,尹
6,就職
6,少量
6,小
6,射出
6,専務
6,富士見
6,密度
6,寄付
6,実践
6,実演
6,官僚
6,孫
6,学部
6,娯楽
6,始まり
6,始め
6,失調
6,夫妻
6,大西洋
6,大物
6,大人気
6,外来
6,堤防
6,国連
6,国土
6,回線
6,啓一郎
6,哲学
6,向こう
6,合衆国
6,合法
6,各州
6,台帳
6,やり取り
6,収縮
6,北西
6,加熱
6,前駆
6,前面
6,前提
6,前回
6,前向き
6,前例
6,別々
6,刑事
6,分配
6,出来
6,処方
6,冗談
6,公的
6,全身
6,全域
6,党派
6,免許
6,僕
6,余命
6,余分
6,体重
6,任天堂
6,任命
6,件数
6,仲間
6,仲介
6,令状
6,今月
6,人目
6,お互い
6,事務
6,予期
6,乳児
6,並行
6,並
6,与信
6,上訴
6,上司
6,丁目
6,World
6,When
6,WhatsApp
6,USA
6,TV
6,TR
6,Things
6,Than
6,start
6,Scientist
6,Road
6,R
6,Quantum
6,PTSD
6,Pontin
6,Plants
6,p
6,Online
6,NTIA
6,Not
6,NFC
6,Need
6,My
6,Muni
6,MOOC
6,MLD
6,Might
6,Magi
6,JOBS
6,HTML
6,Has
6,Future
6,ES
6,EDF
6,Drones
6,Drone
6,Driving
6,DJ
6,Data
6,CSIS
6,CDC
6,andMe
6,AirGig
6,Air
6,Act
6,ACLU
6,95
6,9000
6,87
6,85
6,81
6,480
6,36
6,3500
6,220
6,2021
6,2019
6,2001
6,1600
6,120
6,102
6,$
5,麻薬
5,高騰
5,高等
5,高値
5,高まり
5,香港
5,香水
5,首位
5,飼育
5,食糧
5,顧
5,お願い
5,音量
5,面接
5,電球
5,電圧
5,電動
5,雨
5,難聴
5,難問
5,集
5,階級
5,階層
5,陰極
5,防潮
5,その間
5,長時間
5,鈍化
5,量子力学
5,重点的
5,重役
5,酸素
5,配電
5,配慮
5,配備
5,適正
5,遂行
5,進路
5,週末
5,連続
5,連合
5,造形
5,速やか
5,通路
5,通訳
5,透析
5,退任
5,返品
5,返信
5,近郊
5,農薬
5,農民
5,輸出
5,軽減
5,転用
5,距
5,超過
5,起動
5,購買
5,購読
5,賢明
5,諮問
5,調べ
5,調
5,誤認
5,誤解
5,言論
5,触手
5,解任
5,角度
5,覚悟
5,見事
5,要件
5,補正
5,補
5,裕福
5,裁判官
5,表記
5,衣類
5,行き
5,虚偽
5,薬学
5,航続
5,舞台
5,舌
5,興奮
5,致死
5,脅迫
5,胎児
5,肥満
5,習近
5,翌日
5,罹患
5,繊細
5,繁栄
5,綿
5,組み立て
5,組み
5,細心
5,紙幣
5,純一
5,納得
5,粒
5,粉ミルク
5,立ち入り
5,穏やか
5,移転
5,秋
5,社交
5,確証
5,研修
5,砂
5,石山
5,知見
5,着
5,眼鏡
5,真偽
5,相関
5,目視
5,目線
5,目玉
5,的確
5,発端
5,疑い
5,畑
5,田舎
5,生涯
5,理工
5,理
5,現職
5,玄関
5,猛烈
5,特典
5,物事
5,火災
5,火
5,瀕
5,激減
5,潜水
5,滑らか
5,溶接
5,湾
5,涙
5,消火
5,消極
5,海運
5,海底
5,流
5,洞察
5,洋服
5,決議
5,水疱
5,水源
5,水泳
5,民営
5,比
5,殺虫
5,歩数
5,武器
5,正直
5,正当
5,横行
5,横断
5,模様
5,模倣
5,楽
5,棟
5,格段
5,格好
5,根底
5,根幹
5,根
5,栄養
5,東部
5,東海岸
5,東アジア
5,東
5,来月
5,条約
5,村
5,杉本
5,服用
5,有色
5,有無
5,書き込み
5,書店
5,晩
5,春
5,日本人
5,断定
5,数値
5,教訓
5,教科書
5,改ざん
5,支給
5,操舵
5,搭乗
5,描写
5,推計
5,探検
5,探査
5,排気
5,振り
5,指数
5,拡充
5,技
5,承知
5,戦術
5,憲法
5,憂慮
5,態度
5,悪質
5,思想
5,念頭
5,忠実
5,必死
5,心的
5,微
5,循環
5,後部
5,後退
5,待ち
5,当選
5,当り
5,強盗
5,張
5,店頭
5,幽霊
5,幼児
5,年度
5,平等
5,巧み
5,川
5,就航
5,尊重
5,対向
5,審議
5,宗教
5,宅
5,字幕
5,嫌がらせ
5,媒体
5,好調
5,奨励
5,奇跡
5,失業
5,夫
5,天井
5,大抵
5,大戦
5,コロンビア大学
5,大会
5,大人
5,多大
5,外傷
5,変性
5,売り上げ
5,壊滅
5,均一
5,国籍
5,国有
5,国外
5,国営
5,団
5,四半期
5,喚起
5,善玉
5,周期
5,周回
5,名称
5,同種
5,同氏
5,同僚
5,各自
5,各種
5,右側
5,台無し
5,可視
5,古代
5,友好
5,厳重
5,単一
5,南アフリカ
5,協業
5,医科
5,区画
5,化粧
5,包帯
5,勧告
5,勤務
5,動員
5,劣化
5,劉
5,創
5,制
5,初代
5,刊行
5,切開
5,切望
5,切子
5,出願
5,冒頭
5,円盤
5,公言
5,全土
5,入り口
5,先日
5,優遇
5,働
5,傘下
5,偶然
5,停車
5,偏向
5,偏り
5,借金
5,保釈
5,併用
5,体温
5,休暇
5,任
5,以南
5,代行
5,他国
5,仕方
5,今夏
5,今世紀
5,人質
5,亜鉛
5,互換
5,事務所
5,予言
5,乗組
5,主席
5,主体
5,中継
5,中国人
5,世の中
5,不当
5,不完全
5,下期
5,丁寧
5,一夜
5,一変
5,一体
5,work
5,VMK
5,Visionary
5,Vine
5,UPS
5,TRSF
5,Theranos
5,technology
5,TechCrunch
5,Space
5,Solar
5,Smart
5,Self
5,RSA
5,Robotics
5,Real
5,promoting
5,Pro
5,Playstation
5,Plan
5,P
5,One
5,NPO
5,mm
5,million
5,Medicine
5,Mbps
5,Machine
5,LS
5,LEXUS
5,lab
5,Keep
5,Katherine
5,Karen
5,iTracker
5,IDC
5,Hadoop
5,gov
5,Gbps
5,Fighting
5,Fiber
5,Electric
5,EFT
5,Dyn
5,Driverless
5,DIY
5,Delivery
5,DeepDrumpf
5,Currency
5,CPU
5,Computer
5,CNN
5,can
5,Bourzac
5,Better
5,Azure
5,America
5,AIFA
5,ADA
5,700
5,617
5,56
5,475
5,45
5,34
5,2500
5,1999
5,1996
5,1970
5,1400
5,000
5,(@
5,
5,.（
4,黒幕
4,黄
4,鮮明
4,髪
4,高温
4,騒動
4,馴染み
4,馬鹿
4,香料
4,飲料
4,食生活
4,順応
4,電話機
4,電機
4,電柱
4,難題
4,難病
4,雑
4,集計
4,隣接
4,随意
4,階段
4,隅
4,防水
4,関節
4,関わり
4,間接
4,開拓
4,鎮痛
4,鎖
4,鎌
4,錐
4,鉱業
4,金利
4,野球
4,重曹
4,重度
4,配線
4,配分
4,都合
4,郵便
4,部署
4,選定
4,適当
4,道順
4,道徳
4,過半数
4,過
4,運航
4,運河
4,遅延
4,連動
4,速記
4,通過
4,通行人
4,通行
4,通勤
4,追随
4,返答
4,返済
4,近隣
4,輪郭
4,車間
4,身近
4,身分
4,身元
4,路
4,起因
4,賞賛
4,貸付
4,財
4,議連
4,講師
4,論議
4,論破
4,調節
4,説
4,誤差
4,誇大
4,話し相手
4,解禁
4,解剖
4,覚書
4,視察
4,見返り
4,西側
4,複合
4,補償
4,行程
4,行く末
4,血友病
4,蜂
4,蛋白
4,虫
4,蒸発
4,蒸気
4,著書
4,著
4,葉
4,菌類
4,若返り
4,若干
4,花粉
4,色覚
4,色素
4,良質
4,船舶
4,自覚
4,自慢
4,自作
4,膵臓
4,腫
4,脱却
4,脚本
4,脚
4,胸
4,胞子
4,肩
4,義手
4,罵倒
4,罰金
4,缶
4,繰り返し
4,緩やか
4,編み物
4,編さん
4,結末
4,組立
4,系列
4,精緻
4,粘土
4,簿
4,管制
4,立証
4,立派
4,立方メートル
4,立体
4,空域
4,稀
4,称賛
4,福島
4,社名
4,サンゴ礁
4,磁気
4,破綻
4,破産
4,砂漠
4,短時間
4,瞬時
4,真価
4,省略
4,目撃
4,目処
4,盤上
4,盛ん
4,発覚
4,疑惑
4,異質
4,申し立て
4,申告
4,産物
4,球
4,現実離れ
4,王
4,独創
4,特異
4,特価
4,物性
4,熱意
4,熟成
4,無礼
4,点灯
4,炭酸
4,炎上
4,炎
4,潮流
4,演算
4,溶媒
4,温和
4,液
4,消化
4,海里
4,海域
4,海上
4,浮き彫り
4,活気
4,津波
4,泥棒
4,波形
4,法規
4,法務
4,法令
4,治安
4,汚職
4,求人
4,水道
4,水没
4,水分
4,水不足
4,気前
4,やる気
4,母国
4,残高
4,機材
4,機微
4,機嫌
4,ジェット機
4,権威
4,様式
4,極秘
4,極
4,検
4,森
4,棒
4,棋士
4,桁
4,来場
4,条項
4,机
4,朱
4,未知数
4,未定
4,期限
4,朗報
4,有意義
4,有意
4,有償
4,月間
4,最良
4,最小限
4,最前線
4,書簡
4,暴言
4,普遍
4,キロワット時
4,明解
4,明滅
4,日光
4,既知
4,族
4,旅客機
4,斬新
4,文明
4,教師
4,敗北
4,放映
4,改定
4,撤回
4,換算
4,揚げ足
4,推論
4,接種
4,接着
4,採血
4,授業
4,捕食
4,押収
4,抜き
4,技法
4,承諾
4,手配
4,手遅れ
4,手軽
4,慣習
4,感触
4,意外
4,悲劇
4,急進
4,念
4,心地
4,徹底
4,後継
4,後方
4,待ち時間
4,彼ら
4,彼
4,当事者
4,強烈
4,弟
4,建築
4,延期
4,幸運
4,年月
4,平面
4,幕開け
4,常時
4,常任
4,市街地
4,巻き返し
4,工事
4,島々
4,テレビ局
4,専攻
4,富裕
4,寄与
4,家具
4,家事
4,室長
4,宣誓
4,実例
4,定量
4,定め
4,定
4,安値
4,学院
4,学問
4,学位
4,娘
4,奥行き
4,太平洋
4,天気
4,天才
4,大豆
4,多
4,外側
4,夕方
4,変形
4,壇上
4,墜落
4,増殖
4,堤
4,基金
4,基幹
4,執刀
4,地理
4,圧倒
4,土台
4,国務
4,固有名詞
4,図版
4,因子
4,回数
4,商務省
4,哺乳類
4,品種
4,和訳
4,呼吸
4,同業
4,同期
4,同時
4,合弁
4,受注
4,受付
4,取り
4,収拾
4,収容
4,双方向
4,原動力
4,卸売
4,単価
4,南西
4,協
4,卒業生
4,卒業
4,午前
4,医薬
4,区域
4,包摂
4,加速度
4,功績
4,前身
4,利害
4,切除
4,切り替え
4,切れ
4,分光
4,出産
4,出現
4,出張
4,出庫
4,出展
4,処分
4,凍結
4,凌駕
4,冷蔵庫
4,円筒
4,具合
4,共生
4,公道
4,入社
4,入札
4,入り
4,免除
4,先駆
4,先頭
4,先天
4,先ほど
4,兆し
4,兄弟
4,優秀
4,優勝
4,傷
4,債務
4,偽
4,健全
4,借り手
4,作曲
4,作り
4,伸縮
4,代名詞
4,付着
4,ラベル付け
4,他者
4,今秋
4,人形
4,京
4,交差点
4,五感
4,予感
4,主演
4,主役
4,主幹
4,中退
4,両手
4,世間
4,世界一
4,不良
4,不愉快
4,不利
4,下旬
4,上映
4,上層
4,上半期
4,一端
4,一瞬
4,一家
4,you
4,Yiting
4,world
4,Wireless
4,Whole
4,White
4,WaveNet
4,version
4,Use
4,USAA
4,Therapeutics
4,Technical
4,Technica
4,Sun
4,Start
4,SRI
4,SMS
4,Smartest
4,slow
4,Shows
4,Service
4,SER
4,SCID
4,Report
4,Reddit
4,re
4,Quartz
4,PwC
4,Out
4,Our
4,Office
4,Obama
4,Nuclear
4,nm
4,NGA
4,Neo
4,MRI
4,more
4,Moonshot
4,Money
4,MiniLab
4,MD
4,MB
4,Man
4,Machines
4,LO
4,Life
4,licensed
4,JP
4,iPad
4,Institute
4,In
4,III
4,Human
4,HP
4,Home
4,HoloLens
4,healthcare
4,Have
4,have
4,Gray
4,Finally
4,FactCheck
4,Experiment
4,Engineering
4,End
4,Economist
4,Eating
4,Drivers
4,Divide
4,Dead
4,DC
4,CV
4,CT
4,CSO
4,criticized
4,COO
4,convenience
4,Coal
4,CIO
4,Christina
4,Chips
4,Chief
4,Challenge
4,cc
4,Business
4,BRCA
4,Brain
4,Blood
4,Big
4,Best
4,Before
4,Autonomous
4,Association
4,Ars
4,App
4,Allo
4,About
4,Abeona
4,93
4,8584
4,79
4,7300
4,63
4,59
4,53
4,51
4,44
4,43
4,39
4,320
4,216
4,2050
4,203
4,1995
4,1994
4,140
4,1200
4,110
4,109
4,103
4,0570
4,003030
3,黒色
3,黎明
3,麻酔
3,鳥類
3,魚
3,高潔
3,高校生
3,高圧
3,驚異
3,騒音
3,馬
3,首脳
3,養護
3,飲酒
3,飛行船
3,風車
3,風船
3,風潮
3,顕在
3,頭上
3,頑丈
3,預金
3,順守
3,音節
3,面談
3,非常勤
3,非公開
3,静か
3,青写真
3,露
3,霧
3,震え
3,需給
3,電車
3,電灯
3,難解
3,離職
3,雑用
3,集権
3,集会
3,隔離
3,陽性
3,陰性
3,除草
3,院内
3,防壁
3,闘い
3,闇
3,間隔
3,開口
3,長生き
3,長持ち
3,録音
3,銅
3,銃撃
3,鉱物
3,針
3,金儲け
3,重症
3,酸化
3,都度
3,都会
3,部類
3,部会
3,還元
3,遺産
3,違和感
3,達
3,過酷
3,過度
3,運命
3,運
3,遊び方
3,逸脱
3,連盟
3,造り
3,逆行
3,逆手
3,送付
3,退職
3,退役
3,返却
3,返事
3,近道
3,近
3,辺境
3,農産物
3,農地
3,農務
3,辞任
3,軽
3,軸
3,転身
3,軍用
3,車庫
3,躍進
3,路面
3,足場
3,足取り
3,趣味
3,超越
3,起用
3,赤字
3,賠償
3,賃料
3,貿易
3,貯蔵庫
3,貯留
3,販促
3,貨幣
3,貧弱
3,財布
3,譲渡
3,謎
3,論理
3,論拠
3,調子
3,読み方
3,誤報
3,フランス語
3,誇張
3,該当
3,試乗
3,証言
3,訳語
3,訳
3,言い方
3,解体
3,親指
3,見識
3,見積り
3,見出し
3,要約
3,製法
3,装具
3,被
3,袋
3,衰弱
3,表向き
3,衣服
3,行政
3,血糖
3,血圧
3,薬物
3,薬局
3,薬効
3,蓄電
3,英文
3,苦境
3,若手
3,芳香
3,艇
3,舗装
3,自転車
3,自給自足
3,自家
3,自力
3,脳神経
3,脳波
3,脳卒中
3,脚光
3,脊柱
3,胸部
3,肺がん
3,肺
3,育成
3,育ち
3,肯定
3,肝臓
3,肌
3,肉
3,職務
3,聖
3,老齢
3,翌年
3,群れ
3,罪
3,縫製
3,縫合
3,編み機
3,編み
3,線維
3,総体
3,網羅
3,継承
3,絶好
3,統治
3,統一
3,給付
3,経緯
3,経歴
3,終結
3,細部
3,細か
3,紫外線
3,素因数
3,純粋
3,糸
3,糞便
3,精製
3,簡略
3,簡易
3,管轄
3,算定
3,筆頭
3,筆者
3,第一線
3,笑顔
3,立て続け
3,窯
3,突発
3,突入
3,空白
3,空洞
3,空想
3,税率
3,税務
3,税別
3,移住
3,秩序
3,秘訣
3,私的
3,祖父
3,磨き
3,碁
3,硬貨
3,硬化
3,破滅
3,石
3,知らせ
3,着信
3,看護
3,看板
3,相談役
3,相対
3,直近
3,直
3,目下
3,盧
3,盤
3,盗用
3,白黒
3,発足
3,発話
3,発祥
3,疼痛
3,異論
3,男女
3,生徒
3,生化学
3,生まれ
3,理屈
3,理学
3,現存
3,猿
3,犯行
3,牽引
3,特許庁
3,物議
3,物言い
3,物件
3,片道
3,熱帯
3,無意識
3,無意味
3,無害
3,点滅
3,炉心
3,灯油
3,灯
3,潤沢
3,潜入
3,滴
3,満載
3,減速
3,清華
3,添付
3,深夜
3,液晶
3,消耗
3,消失
3,消
3,海鳥
3,海馬
3,海水温
3,海抜
3,海峡
3,海山
3,浪費
3,浄化
3,派生
3,注視
3,法科
3,法学
3,油
3,河原
3,没頭
3,沖野
3,沖合
3,沈黙
3,沈着
3,求め
3,氾濫
3,永遠
3,気運
3,気軽
3,毛布
3,毒性
3,毒
3,母艦
3,殺人
3,段落
3,段ボール
3,死滅
3,死因
3,歳出
3,歳児
3,歯
3,正規
3,正真正銘
3,欲求
3,次第
3,機内
3,樹
3,模
3,概算
3,楽曲
3,極小
3,格付け
3,根治
3,核分裂
3,校閲
3,柱
3,染
3,架空
3,枠組み
3,果実
3,東南アジア
3,東京大学
3,来店
3,条文
3,本拠
3,未熟
3,期限切れ
3,最高裁
3,最強
3,最古
3,最低限
3,曹
3,書類作成
3,曲がり角
3,曲線
3,暴走
3,暫定
3,暗闇
3,暇
3,昨今
3,方面
3,方策
3,新作
3,断層
3,斑
3,文脈
3,文法
3,文学
3,文句
3,敷地
3,整形
3,散漫
3,教鞭
3,教室
3,敗者
3,救い
3,放射能
3,放射
3,改装
3,改修
3,搾取
3,損
3,提起
3,接近
3,排卵
3,掃除
3,捕捉
3,挫折
3,招聘
3,抜粋
3,批評
3,払拭
3,払い
3,手頃
3,手錠
3,手の平
3,手付
3,手ごろ
3,戦艦
3,我が国
3,成り行き
3,成形
3,懸命
3,慣性
3,愚か
3,意義
3,情熱
3,悲観
3,悲惨
3,悪性
3,悪名
3,悪口
3,恒星
3,恐怖
3,怪物
3,性愛
3,急騰
3,急ぎ
3,志
3,必須
3,復帰
3,復元
3,徐
3,後払い
3,当該
3,当日
3,弾性
3,弾
3,強行
3,強気
3,強固
3,弱体
3,引き継ぎ
3,引き
3,延命
3,廃
3,庶民
3,座
3,店内
3,広
3,年額
3,年次
3,年会
3,平日
3,平坦
3,平ら
3,常設
3,帰属
3,帯域
3,市長
3,市警
3,差し止め
3,左側
3,左
3,工夫
3,岸
3,居心地
3,尿
3,尽力
3,小麦
3,対決
3,対比的
3,対極
3,寸前
3,察知
3,寝室
3,富士通
3,宿題
3,容器
3,家系
3,実車
3,実力
3,定評
3,定価
3,安楽
3,守護
3,学長
3,孤立
3,嫌気
3,嫌
3,姉妹
3,妨げ
3,妖精
3,妊婦
3,好奇
3,好例
3,奴隷
3,奮闘
3,奇抜
3,夫婦
3,天使
3,大腸菌
3,大差
3,大ざっぱ
3,ハーバード大
3,多発
3,多層
3,外洋
3,変身
3,変容
3,墳墓
3,増進
3,増産
3,増強
3,増幅
3,増
3,エッフェル塔
3,執事
3,域
3,均衡
3,均等
3,地産
3,圧迫
3,土曜日
3,国会
3,器用
3,嗜好
3,喜び
3,善良
3,商標
3,商戦
3,味方
3,向
3,吐き気
3,同額
3,同盟
3,同然
3,同日
3,同乗
3,合同
3,司会
3,右
3,史
3,台風
3,可
3,古典
3,はけ口
3,受託
3,受給
3,受粉
3,受け答え
3,受け入れ
3,取り返し
3,取り締まり
3,取り決め
3,取扱
3,収監
3,反論
3,反発
3,友達
3,参画
3,原始
3,南極
3,南東
3,南京
3,半身不随
3,半年
3,匠
3,北部
3,北東
3,北
3,勝率
3,勝敗
3,動力
3,勉強
3,助長
3,劣悪
3,加盟
3,創立
3,創傷
3,創作
3,割増
3,剣
3,前哨
3,別物
3,別名
3,切り札
3,分身
3,分泌
3,出演
3,出店
3,出典
3,出会い
3,再編
3,再燃
3,再建
3,円形
3,典型
3,具
3,共存
3,公聴
3,公益
3,公民
3,公正
3,公営
3,全力
3,入植
3,入念
3,入居
3,党
3,児
3,光通信
3,光線
3,光子
3,先住民
3,元祖
3,元帳
3,優勢
3,傷口
3,偽造
3,偶発
3,健常
3,値札
3,値下げ
3,値上がり
3,倒産
3,個体
3,俳優
3,信念
3,侮辱
3,使い道
3,使い物
3,余剰
3,体系
3,体現
3,体勢
3,伸展
3,伝播
3,伝導
3,会談
3,会計
3,休止
3,休日
3,仮設
3,代償
3,代り
3,付近
3,付与
3,仕事場
3,人員
3,人事
3,交代
3,些細
3,予後
3,乗り物
3,乗り
3,主語
3,中頃
3,中西部
3,中毒
3,中東
3,中味
3,並み
3,不自然
3,不法
3,不気味
3,不機嫌
3,不明瞭
3,不敵
3,不振
3,不思議
3,不幸
3,不平
3,不審
3,不可逆
3,下手
3,上期
3,上下
3,万能
3,一般人
3,一斉
3,一帯
3,一卵性双生児
3,一人称
3,Zoe
3,Yasuhiro
3,Xpoint
3,Xbox
3,Worst
3,With
3,Wikipedia
3,WikiLeaks
3,WHO
3,Way
3,Watch
3,was
3,Warehouse
3,VoteCastr
3,V
3,Unveils
3,uk
3,UBI
3,Truly
3,this
3,these
3,Their
3,Team
3,Talking
3,Talbot
3,Take
3,Tシャツ
3,Supply
3,Stratospheric
3,Still
3,Stacey
3,SSL
3,Sponsored
3,Speed
3,Soul
3,SNS
3,Snapchat
3,Sklar
3,Silicon
3,Sense
3,Scientific
3,Says
3,SAB
3,Rosen
3,Roku
3,RNAi
3,Renewable
3,Really
3,quantum
3,Public
3,promote
3,Project
3,progress
3,Plant
3,Plans
3,PD
3,PARC
3,OVH
3,Over
3,Outside
3,Other
3,or
3,Open
3,one
3,OC
3,Nobody
3,News
3,new
3,NEC
3,name
3,Nakano
3,Motherboard
3,Moore
3,Modal
3,MITTR
3,mission
3,Mirai
3,miniLab
3,Meet
3,Me
3,Mars
3,Mac
3,m×
3,Lunch
3,Long
3,localized
3,ll
3,LinkNYC
3,LIBD
3,Learning
3,Law
3,Latest
3,Language
3,Lab
3,Knows
3,Kappei
3,Julia
3,Jonathan
3,Jeeves
3,J
3,its
3,it
3,IPS
3,iPAQ
3,IoA
3,into
3,Intelligence
3,Insider
3,India
3,Immune
3,IKEA
3,ID
3,Humans
3,http
3,Hit
3,High
3,Higginbotham
3,Help
3,Heart
3,HD
3,Hatabe
3,Hackers
3,GWAS
3,Grid
3,Government
3,Goes
3,Glass
3,Getting
3,Gene
3,GazeCapture
3,Games
3,Free
3,Forbes
3,Foods
3,Floor
3,flat
3,FISA
3,Firefox
3,Fire
3,Find
3,Express
3,Explodes
3,Event
3,ETI
3,ESPN
3,Electrek
3,EL
3,Editor
3,driving
3,Dreams
3,Dream
3,Don
3,do
3,DirecTV
3,Decade
3,Daydream
3,dated
3,Dangerous
3,d
3,criticised
3,COP
3,Controversial
3,Control
3,Contact
3,Company
3,co
3,CMO
3,Climate
3,Clean
3,Change
3,CGNPC
3,Cas
3,Cardboard
3,BRAF
3,Boston
3,BNEF
3,Billion
3,be
3,Battery
3,bacon
3,Back
3,Away
3,ASME
3,are
3,An
3,AMD
3,AltspaceVR
3,Against
3,ABC
3,AACC
3,97
3,96
3,94
3,900
3,74
3,702
3,69
3,640
3,61398
3,58
3,5500
3,4500
3,450
3,419
3,41
3,350
3,2099
3,2004
3,1992
3,1980
3,1900
3,1700
3,125
3,1100
3,1050
3,?』
3,;
2,齢
2,黒字
2,黒
2,黄色
2,鳥
2,鮮やか
2,高画質
2,高所
2,高層
2,高密度
2,高め
2,骨盤
2,駆逐
2,駄目
2,餌
2,飽和
2,飲み物
2,食堂
2,食器洗い
2,飛行場
2,顧嘉
2,願望
2,願い
2,顔面
2,顔ぶれ
2,頸部
2,頸
2,頭部
2,頭打ち
2,順番
2,順
2,革
2,静止
2,露店
2,電脳
2,電線
2,電磁
2,難点
2,難民
2,雑草
2,隠し
2,隔月
2,随時
2,随一
2,隊員
2,隊列
2,陸上
2,陸
2,陰謀
2,除
2,限度
2,降雪
2,降下
2,防衛
2,閣僚
2,間際
2,長旅
2,鑑賞
2,録画
2,錯誤
2,鋼鉄
2,鋳造
2,銀河
2,鉱石
2,鉄鋼
2,鉄鉱
2,鉄板
2,釘付け
2,金製
2,金品
2,量販
2,野菜
2,野党
2,野
2,重病
2,重心
2,重層
2,重宝
2,重き
2,釈明
2,配給
2,配管
2,配合
2,郵送
2,部局
2,部下
2,避難
2,遠距離
2,達人
2,道筋
2,道端
2,過失
2,ろ過
2,運行
2,運び
2,連帯
2,造語
2,造血
2,通院
2,通用
2,通信使
2,逆風
2,逃走
2,送り主
2,追放
2,迷子
2,述語
2,近代
2,込み
2,込
2,辺り
2,辺
2,農奴
2,農場
2,軽視
2,軽率
2,転落
2,転職
2,転嫁
2,転
2,車椅子
2,身長
2,身の回り
2,路肩
2,足下
2,足もと
2,趣旨
2,起点
2,赤色
2,赤外線
2,赤ん坊
2,赤さび
2,贈り物
2,賛否
2,賃貸
2,貸し
2,買い手
2,貯水池
2,貪欲
2,貧血
2,財政
2,負
2,豪雪
2,豪雨
2,豆
2,議題
2,警鐘
2,講義
2,講堂
2,諸刃
2,論評
2,請願
2,調合
2,読み込み
2,読み出し
2,語彙
2,語句
2,誇示
2,詳述
2,試供
2,評議
2,詐取
2,証人
2,訴え
2,記名
2,記入
2,計上
2,計り
2,訂正
2,言い分
2,触発
2,触感
2,観衆
2,親密
2,親交
2,覗き
2,視聴覚
2,見立て
2,見栄え
2,要員
2,西海岸
2,製造元
2,補足
2,補給
2,補完
2,裏口
2,裏側
2,裏付け
2,裁断
2,衣料
2,衝動
2,街路
2,ウォール街
2,術後
2,行き来
2,衆議院
2,融通
2,蜜月
2,虐待
2,藻類
2,蔑視
2,落書き
2,菌糸
2,草創
2,草
2,英単語
2,苦手
2,苦戦
2,苦情
2,若年
2,苗木
2,色とりどり
2,艦
2,船倉
2,舌戦
2,興行
2,至上
2,自粛
2,自発
2,自滅
2,自前
2,自主
2,臨界
2,臨場
2,膨張
2,膝
2,膜
2,腹部
2,腹腔
2,お腹
2,腰
2,腫脹
2,脈
2,胴
2,背中
2,胃腸
2,肥料
2,職種
2,職人
2,耐久
2,耐
2,老人
2,習熟
2,義足
2,群衆
2,美術
2,美容
2,罰則
2,置き去り
2,織物
2,織機
2,繁華
2,縦
2,練習
2,編成
2,締結
2,締切
2,緑の党
2,総称
2,総研
2,綿密
2,綺麗
2,綴じ
2,続き
2,継ぎ目
2,絶頂
2,絶望
2,絶妙
2,絶大
2,絵文字
2,統括
2,結成
2,結婚
2,結び付き
2,経費
2,細身
2,細管
2,素直
2,素
2,紛れ
2,紙上
2,純然
2,純
2,紐
2,系統
2,糸口
2,精細
2,精機
2,粗末
2,粉砕
2,簡便
2,篤
2,節水
2,節
2,筋力
2,等地
2,第一人者
2,笑い声
2,笑い
2,立ち消え
2,立法
2,立ち往生
2,立ち上がり
2,窮地
2,窒素
2,突破
2,突拍子
2,空腹
2,空き
2,穴
2,穏当
2,積み重ね
2,積荷
2,稼動
2,稼ぎ
2,は種
2,税額
2,税制
2,移
2,秘蔵
2,福祉
2,福利
2,神経質
2,神秘
2,神
2,祖母
2,祖先
2,祐
2,社外
2,礼節
2,確固
2,硫黄
2,硫化
2,破格
2,破損
2,砂丘
2,短期間
2,矢印
2,瞬き
2,着地
2,眺め
2,真摯
2,真意
2,真ん中
2,真っすぐ
2,眞
2,眉
2,省エネ
2,相応
2,相場
2,相反
2,直線
2,直し
2,盲目
2,盲
2,目の敵
2,目当て
2,目前
2,盗聴
2,益
2,百貨店
2,白色
2,発音
2,発育
2,発砲
2,発掘
2,発動
2,発作
2,痕跡
2,病状
2,病床
2,病原
2,疑似
2,異義
2,略奪
2,男の子
2,申し訳
2,申し分
2,田村
2,田
2,用量
2,用地
2,産婦人科
2,生鮮
2,生身
2,生計
2,生後
2,理化学研究所
2,球体
2,現実味
2,猛威
2,独身
2,独裁
2,独力
2,犯人
2,特質
2,特筆
2,特売
2,牛乳
2,牙城
2,片
2,燃焼
2,熱烈
2,熟知
2,煽り
2,照度
2,無限
2,無責任
2,無謀
2,無益
2,無条件
2,無断
2,無名
2,無力
2,無作為
2,無し
2,為替
2,点滴
2,炭坑
2,炎症
2,災い
2,火傷
2,火事
2,灌漑
2,激突
2,激化
2,潜伏
2,漫画
2,漏出
2,滞在
2,滑走
2,準
2,源泉
2,湿度
2,湖
2,港湾
2,渉外
2,清掃
2,添加
2,混同
2,混合
2,淘汰
2,消毒
2,海辺
2,海南
2,海中
2,浮遊
2,流動
2,流入
2,活況
2,活
2,洸
2,洞窟
2,洗練
2,洗浄
2,洗剤
2,法学部
2,況常
2,治
2,河川
2,決着
2,決め手
2,決心
2,氷山
2,氷
2,水域
2,水北
2,水冷
2,水上
2,民事
2,毛
2,比喩
2,毎
2,母体
2,毀損
2,殺鼠剤
2,殺到
2,死傷
2,死体
2,歳月
2,歩み
2,武装
2,武漢
2,正面
2,正義
2,正晃
2,正味
2,止め
2,次回
2,次代
2,欠損
2,欠如
2,櫛
2,機運
2,機敏
2,樹立
2,横糸
2,横ばい
2,標準時
2,構文
2,構内
2,極度
2,業種
2,梅宮
2,桃
2,格納庫
2,格下
2,格
2,核心
2,核兵器
2,栄養素
2,栄治
2,査読
2,柑橘類
2,柄
2,果物
2,松原
2,東北
2,東側
2,東京工業大学
2,条例
2,条件下
2,束
2,材
2,李
2,本流
2,本心
2,本島
2,本国
2,本名
2,本件
2,末期
2,木の葉
2,朝食
2,服飾
2,有識者
2,有数
2,有名人
2,有刺鉄線
2,最速
2,最寄り
2,書き
2,暮れ
2,暗雲
2,暖色
2,景気
2,時刻
2,昨夏
2,映写
2,明記
2,明日
2,明
2,昇進
2,昇格
2,旭
2,早急
2,旨
2,日雇い
2,日程
2,日本経済新聞
2,日曜日
2,日差し
2,日刊
2,既製
2,既得
2,既定
2,既報
2,旗艦
2,旋回
2,旅費
2,旅程
2,旅客
2,施錠
2,施術
2,施策
2,新鮮
2,新聞
2,新着
2,新株
2,新年
2,新参
2,新人
2,断続
2,断絶
2,断念
2,お断り
2,文面
2,文言
2,文献
2,整合
2,数量
2,数カ所
2,敬意
2,散歩道
2,散乱
2,散々
2,教養
2,政教
2,放題
2,放置
2,改札
2,支離滅裂
2,支部
2,支社
2,支店
2,撃退
2,摘出
2,摂取
2,損益
2,提訴
2,描画
2,探偵
2,採点
2,採択
2,掌握
2,挿入
2,振込
2,振る舞い
2,指紋
2,招集
2,拘留
2,拘束
2,拒絶
2,抵触
2,抱負
2,抜け道
2,抜け穴
2,折り返し
2,技師
2,批准
2,打開
2,打つ手
2,手触り
2,手続
2,手紙
2,手掛かり
2,手持ち無沙汰
2,手持ち
2,手口
2,手動
2,手前
2,手伝い
2,お手伝い
2,所要
2,所持
2,所定
2,戦場
2,戦力
2,我慢
2,我
2,成都
2,成型
2,成
2,憶測
2,感想
2,愛好
2,愛国
2,愛
2,想起
2,悪意
2,悪天候
2,悪
2,悩み
2,恵み
2,恐竜
2,恋
2,性行為
2,急上昇
2,怠け者
2,怠慢
2,思索
2,思い出
2,応援
2,必需
2,徴税
2,徴収
2,微量
2,得意げ
2,得
2,従前
2,後述
2,後援
2,後任
2,律儀
2,待遇
2,待機
2,往復
2,役職
2,役所
2,彦
2,強要
2,張り
2,弱者
2,弱み
2,弧
2,引き金
2,引き換え
2,引き合い
2,引力
2,引き上げ
2,引
2,建材
2,建て
2,まん延
2,庭
2,広義
2,幻
2,幸福
2,平行
2,平和
2,平凡
2,帽子
2,常套
2,帳簿
2,帰還
2,帰結
2,帰宅
2,帰国
2,帝国
2,希土類
2,希
2,布
2,市街
2,巻き添え
2,工面
2,工具
2,工
2,州法
2,島精機製作所
2,岩井
2,岩
2,山脈
2,属性
2,屋
2,届け
2,居留
2,局地
2,局員
2,少額
2,少女
2,少
2,小道具
2,小荷物
2,小片
2,小惑星
2,小包
2,小児科
2,専業
2,寿司
2,対義語
2,対等
2,対比
2,対岸
2,寛解
2,寒波
2,密集
2,密か
2,寄生
2,宿主
2,家賃
2,室温
2,客足
2,客席
2,客員
2,実業
2,実害
2,実在
2,実務
2,実効
2,実体験
2,宛て
2,宛
2,定説
2,定着
2,官民
2,官庁
2,完治
2,守護神
2,季節
2,字
2,子犬
2,妙
2,好機
2,好条件
2,好景気
2,好意
2,女の子
2,女子
2,女優
2,奇
2,失速
2,失望
2,失墜
2,失効
2,天国
2,天候
2,大雪
2,大雑把
2,大腸
2,大脳皮質
2,大群
2,大破
2,大気圏
2,大文字
2,大当たり
2,大小
2,シドニー大学
2,大国
2,大使
2,多種
2,多岐
2,外販
2,外観
2,変質
2,変貌
2,変
2,売り込み
2,売買
2,売れ残り
2,売り場
2,売人
2,売上げ
2,塩水
2,塩化
2,塚田
2,塔
2,堆積
2,堅牢
2,堅固
2,垣根
2,垂直
2,坂道
2,地殻
2,地方裁判所
2,地味
2,地元民
2,地下鉄
2,在来
2,在学
2,圧電
2,国道
2,図表
2,困惑
2,因果
2,回虫
2,回想
2,四足
2,四肢
2,四
2,嚢胞
2,喉
2,啓蒙
2,問い
2,唾液
2,唯
2,唐突
2,哺乳
2,品等
2,品目
2,和雄
2,命運
2,呼
2,呪術
2,周知
2,周年
2,告訴
2,告知
2,吸引
2,吟味
2,君臨
2,君
2,向う側
2,名声
2,同音
2,同居
2,同一
2,アメリカ合衆国
2,合図
2,合併症
2,各所
2,号線
2,右腕
2,可否
2,可動
2,句
2,受領
2,受胎
2,受理
2,取り調べ
2,取水
2,取り分
2,取り出し
2,取り付け
2,取りざた
2,収録
2,収量
2,収納
2,収支
2,反省
2,反撃
2,反抗
2,反復
2,双方
2,双子
2,原語
2,原産
2,原点
2,原住民
2,厚紙
2,厚生
2,厚め
2,厄介
2,卵胞
2,却下
2,即日
2,危惧
2,印
2,博物館
2,単発
2,南太平洋
2,南北
2,医院
2,医用
2,医務
2,北極圏
2,北極
2,募金
2,勝負
2,動植物
2,動揺
2,勇敢
2,勃興
2,効力
2,労働省
2,加圧水
2,加
2,功
2,劇場
2,割引き
2,割安
2,剥奪
2,前途
2,前述
2,前線
2,前立腺
2,前書き
2,前兆
2,刻み
2,刹那
2,券
2,利息
2,利他
2,別種
2,判然
2,列車
2,刊
2,切実
2,分裂
2,分社
2,分断
2,分担
2,分子生物学
2,エボラ出血熱
2,出血
2,出稿
2,出口
2,出入り口
2,出だし
2,冷酷
2,冷暖房
2,冷凍
2,冗長
2,再送
2,内陸
2,内訳
2,内装
2,内燃
2,内層
2,内在
2,内包
2,内務省
2,共鳴
2,公知
2,公害
2,公園
2,全額
2,全長
2,全車
2,入院
2,入庫
2,入
2,児童
2,克
2,先駆け
2,先陣
2,元年
2,僕ら
2,像
2,傾斜
2,傷害
2,備品
2,傍受
2,偽薬
2,偵察
2,側近
2,倹約
2,値引き
2,値上げ
2,信奉
2,保留
2,保安
2,保全
2,促成
2,係員
2,係争
2,便乗
2,供述
2,供与
2,使い勝手
2,作者
2,余波
2,余り
2,体感
2,体型
2,体力
2,低温
2,低減
2,会計士
2,休憩
2,伊勢
2,企て
2,任期
2,任意
2,仲裁
2,仰天
2,仮処分
2,以後
2,付き合い
2,他動詞
2,仏
2,今頃
2,今どき
2,人称
2,人為
2,人混み
2,人民元
2,人民
2,人格
2,人差し指
2,人命
2,人名
2,交信
2,交じり
2,亜
2,互角
2,互い
2,二酸化
2,事
2,予見
2,了承
2,乳腺
2,乱闘
2,乱用
2,乗り換え
2,乗り入れ
2,乖離
2,主軸
2,主観
2,丸
2,中野
2,中途半端
2,中空
2,中産
2,中年
2,中小
2,中国共産党
2,中古
2,並列
2,両国
2,世
2,不運
2,不透明
2,不調
2,不注意
2,不況
2,不正確
2,不格好
2,不器用
2,不吉
2,不利益
2,不備
2,不便
2,下部
2,下肢
2,下手くそ
2,下位
2,上書き
2,上旬
2,上向き
2,三つ
2,万引き
2,一蹴
2,一線
2,一生
2,一掃
2,一役
2,一団
2,一体化
2,YTE
2,yandex
2,WWDC
2,Wrong
2,worth
2,Works
2,Woods
2,Windows
2,Wind
2,While
2,Wheelers
2,WGS
2,WEMA
2,Waze
2,Waymo
2,Wants
2,Want
2,Vox
2,Vision
2,Visa
2,Video
2,Valley
2,USV
2,Us
2,URL
2,Uncertainty
2,UCL
2,Ty
2,turn
2,Trumped
2,Trump
2,Trucks
2,Trials
2,Transfer
2,TRA
2,TPU
2,Toyota
2,Totally
2,Tommarello
2,To
2,Tisu
2,Time
2,Tiget
2,Three
2,Think
2,than
2,Texas
2,Testing
2,TED
2,Tech
2,Taxis
2,Taken
2,System
2,Suspects
2,surprisingly
2,supremacy
2,Super
2,Suite
2,stunning
2,Stop
2,STEM
2,Starry
2,SR
2,Spotify
2,Spot
2,Spiegel
2,Sorry
2,Social
2,Snowy
2,Smartphones
2,Small
2,Skydio
2,Skeptical
2,Simon
2,Signs
2,Sign
2,Shopping
2,Shoppers
2,Shatter
2,Sets
2,SETI
2,Set
2,September
2,See
2,Security
2,Searches
2,Save
2,save
2,San
2,Rubeus
2,RTS
2,RSS
2,RS
2,Rotman
2,ROSS
2,robotics
2,Robotic
2,Roams
2,Roadblock
2,Rick
2,Revolution
2,Research
2,research
2,recovery
2,Recode
2,realDonaldTrump
2,Ready
2,Reactors
2,Quest
2,Qosmo
2,Put
2,PSC
2,Proved
2,Prosper
2,ProPublica
2,process
2,Printing
2,Prime
2,President
2,PR
2,Powered
2,Portal
2,Policy
2,Point
2,Planes
2,pictures
2,Pico
2,Phone
2,Peter
2,Perfect
2,People
2,Peabody
2,PDF
2,paywall
2,PayPal
2,Pay
2,Parkin
2,PaPal
2,Own
2,Organs
2,On
2,OK
2,Officer
2,Off
2,Of
2,O
2,Nvidia
2,NSC
2,not
2,Nick
2,NHS
2,NFL
2,Neutrality
2,Net
2,Needed
2,NBC
2,must
2,Musk
2,moving
2,Model
2,Mobile
2,ml
2,miles
2,Microscale
2,medication
2,Media
2,MDLive
2,MC
2,Matt
2,Masters
2,MasterCard
2,Massive
2,Mark
2,Making
2,make
2,maintaining
2,maintain
2,Mahoney
2,Lyft
2,ly
2,LTE
2,lqcWZrYTE
2,Looking
2,Logging
2,Live
2,Liquid
2,LINE
2,Limits
2,Like
2,like
2,LIDAR
2,license
2,LHON
2,LCD
2,LAN
2,kWh
2,Konstantin
2,Know
2,Killing
2,Kelihos
2,Kakaes
2,just
2,Jumpstart
2,Jordan
2,Joins
2,Jobs
2,Jalopnik
2,Itself
2,Invaders
2,Into
2,Intermittency
2,intelligence
2,Inside
2,innovation
2,Ingress
2,Industry
2,individual
2,IND
2,Incursion
2,IMF
2,image
2,If
2,IEEE
2,idea
2,IAB
2,i
2,Hz
2,HTS
2,House
2,Hound
2,HIV
2,Here
2,Health
2,Healey
2,He
2,HapMap
2,Hacking
2,H
2,Guidelines
2,GreenCo
2,Great
2,Grand
2,Gold
2,goes
2,GMO
2,Global
2,GIF
2,Generation
2,GCHQ
2,Gadget
2,g
2,Friends
2,friend
2,Francisco
2,FPGA
2,Four
2,Food
2,Fly
2,Fitbit
2,Finance
2,Festo
2,FEELREAL
2,Feed
2,FedEx
2,fatality
2,Farr
2,ext
2,Experience
2,Evan
2,Escapes
2,Errors
2,EPR
2,EPFL
2,Embrace
2,Electronic
2,Election
2,Efficient
2,Editing
2,Edge
2,ECPA
2,Dynamics
2,Drives
2,Doesn
2,Do
2,dividual
2,dividable
2,Discussion
2,dimensional
2,Devices
2,Destroying
2,Delivered
2,DEF
2,Deep
2,Deal
2,days
2,Day
2,cryptom
2,crowdfunding
2,Creation
2,could
2,Couch
2,CON
2,Communications
2,Communication
2,Commenting
2,CMU
2,CM
2,ClonoSEQ
2,CIRP
2,Chip
2,China
2,Chevrolet
2,Chasing
2,CETP
2,CERN
2,Catherine
2,Caruso
2,Carbon
2,Call
2,California
2,BuzzFeed
2,Buys
2,Burr
2,Built
2,BTC
2,Brooklyn
2,Broadband
2,Brexit
2,Box
2,Bots
2,Bolt
2,BMI
2,Blow
2,Biopsy
2,bi
2,Betting
2,Bet
2,BbwGAHyHgtb
2,Batteries
2,Barack
2,Banks
2,Bankruptcy
2,Awan
2,Auto
2,August
2,Audience
2,ATM
2,Article
2,Around
2,Arm
2,Arlene
2,Aquila
2,application
2,APH
2,APA
2,AP
2,AnandTech
2,Alumni
2,also
2,Alphabet
2,All
2,Algorithm
2,ALCU
2,Agile
2,Age
2,afEH
2,AdBlock
2,Ad
2,about
2,Abilities
2,ABB
2,AADC
2,980
2,98
2,975
2,92
2,877
2,86
2,845
2,820
2,82
2,8177
2,8042
2,778
2,76
2,737
2,72
2,681
2,6800
2,67
2,66
2,644
2,6300
2,61
2,57
2,5600
2,54
2,538
2,5216
2,52
2,5001
2,4980
2,454
2,415
2,399
2,3900
2,383
2,3800
2,38
2,370
2,365
2,3477
2,346
2,3400
2,340
2,330
2,3200
2,3197
2,2800
2,2700
2,269
2,267
2,260
2,230
2,2160
2,214
2,2029
2,2024
2,199
2,1989
2,1988
2,1983
2,1960
2,1949
2,1933
2,1872
2,1845
2,1800
2,1780
2,170
2,167
2,156
2,149
2,135
2,119
2,1080
2,1070
2,107
2,オーリン・カレッジ・オブ・エンジニアリング
2,（@
2,「”」～「”」
2,%（
2,.）」
2,,”“
2,,“
2,-',
1,龍
1,鼻柱
1,黙殺
1,黒板
1,黄金
1,鷲
1,鳴き声
1,鲍哲
1,鲁炜
1,鯉
1,鮮度
1,魚類
1,魔法使い
1,魔女
1,魔
1,魅惑
1,魅了
1,鬱剤
1,髪型
1,髙橋
1,高金利
1,高給
1,高潮
1,高校
1,高架
1,高東
1,高学歴
1,高地
1,高名
1,高原
1,高分子
1,高低
1,骨抜き
1,骨折
1,駐在
1,駐
1,駆け込み
1,駅員
1,駄作
1,馬糞
1,馬力
1,香
1,首席
1,餌食
1,養育
1,養成
1,飴
1,食肉
1,食糧難
1,食用
1,食欲
1,食材
1,食べごろ
1,飛び込み
1,風変わり
1,風変り
1,類型
1,類例
1,かんきつ類
1,顎
1,額面
1,額縁
1,題材
1,頸動
1,頭角
1,頭蓋
1,頭脳
1,頭痛
1,頭文字
1,頚部
1,領地
1,領分
1,頒布
1,頑強
1,順潮
1,頂点
1,韓
1,鞭
1,鞘
1,靴箱
1,面識
1,面会
1,非武装
1,非情
1,非常時
1,非対称
1,非合法
1,非力
1,非公式
1,静脈
1,静
1,青年
1,露出
1,震源
1,電磁波
1,電磁場
1,電信柱
1,電信
1,零
1,雲山
1,難関
1,難読
1,難破
1,難
1,離着陸
1,離れ島
1,雛形
1,雑音
1,雑種
1,雑然
1,雌しべ
1,雌
1,集落
1,集約
1,集まり
1,雄弁
1,雄大
1,雄しべ
1,隻
1,隠蔽
1,隠れ蓑
1,隠し立て
1,隠ぺい
1,際限
1,隙間
1,隙
1,陸送
1,陸軍
1,陸海空
1,陸地
1,陳列
1,陳
1,陰
1,お陰
1,陣容
1,陣地
1,院生
1,院
1,限
1,降雨
1,降参
1,防音
1,防護
1,防犯
1,防災
1,防毒
1,防塵
1,防備
1,防
1,闘病
1,関税
1,間髪
1,間中
1,あっという間
1,閑静
1,開閉
1,開票
1,開所
1,開戦
1,開幕
1,閉店
1,閉塞
1,門番
1,門戸
1,門
1,長老
1,長編
1,長続き
1,長等
1,長物
1,長寿
1,長大
1,長め
1,鑑定
1,鑑別
1,錯覚
1,錯乱
1,錬金術
1,錚
1,鋼
1,鋭利
1,鋒
1,銘柄
1,銃殺
1,銃器
1,銀鉱
1,サンタンデール銀行
1,銀
1,鈍重
1,釣り合い
1,釘
1,金色
1,金曜
1,金持ち
1,金もうけ
1,はした金
1,量産
1,野鳥
1,野蛮
1,野放し
1,野性
1,野外
1,重鎮
1,重金属
1,重荷
1,重職
1,重箱
1,重力
1,醸造
1,醜悪
1,酸性
1,酸
1,酷似
1,酪農
1,酔い
1,酒屋
1,酒
1,配達員
1,配当
1,配属
1,都心
1,都内
1,部員
1,邪道
1,邦訳
1,遺跡
1,遺体
1,選び方
1,選手権
1,選び
1,遷移
1,適格
1,適性
1,適度
1,適例
1,適任
1,遥か
1,遠視
1,遠方
1,遠大
1,遠回し
1,遙
1,達也
1,道義
1,道幅
1,過酸化水素
1,過疎
1,過渡
1,過密
1,過大
1,過信
1,過ち
1,運輸省
1,遊び心
1,遊び
1,逼迫
1,逸話
1,進言
1,進水
1,進数
1,進入
1,週内
1,連載
1,連結
1,連想
1,連れ
1,連
1,ソ連
1,造成
1,造作
1,速達
1,速報
1,速
1,通達
1,通説
1,通称
1,通気
1,通年
1,通り名
1,途端
1,透過
1,逆算
1,逆さ
1,逃亡
1,送り込み
1,送水
1,送り先
1,送り
1,お送り
1,退避
1,退行
1,退屈
1,追い風
1,追い越し
1,追記
1,追突
1,追従
1,追伸
1,追
1,迷路
1,迷彩
1,迫力
1,ひっ迫
1,迪
1,返還
1,返送
1,返礼
1,近距離
1,近赤外線
1,近況
1,近接
1,お迎え
1,迂回
1,農作業
1,辞退
1,辞
1,辛辣
1,軽蔑
1,軽水炉
1,軽水
1,軽快
1,軽微
1,軽やか
1,軽々
1,転機
1,転回
1,転写
1,転倒
1,軟体
1,軒
1,軍拡
1,軍団
1,軌を一に
1,車道
1,身の毛
1,身動き
1,身なり
1,躊躇
1,踏襲
1,跡形
1,跡地
1,足首
1,足跡
1,足掛かり
1,足固め
1,足元
1,越し
1,越
1,超党派
1,超人
1,起爆
1,起伏
1,走査
1,赤道
1,赤十字
1,賭博
1,質素
1,質感
1,賜物
1,賑やか
1,資金繰り
1,資材
1,賃借
1,貸し出し
1,貸し倒れ
1,貸し付け
1,貸与
1,貯金
1,貧民
1,貧富
1,財源
1,財務省
1,財力
1,負傷
1,負債
1,負け
1,豪語
1,豪華
1,象
1,豊
1,谷
1,诚准
1,議案
1,議席
1,議事
1,警官
1,謝罪
1,講習
1,講座
1,謙虚
1,謀略
1,カナリア諸島
1,諸君
1,請け負い
1,請
1,調製
1,調理場
1,課
1,読見
1,読み書き
1,読み取り
1,誤読
1,誤診
1,誤用
1,誤動作
1,語り手
1,語り
1,誘致
1,誘発
1,詳報
1,話し言葉
1,話者
1,話法
1,話し方
1,お話
1,すし詰め
1,詩人
1,詩
1,試運転
1,試練
1,試料
1,試そう
1,詠唱
1,訴追
1,訴状
1,訳文
1,記号
1,記
1,計量
1,計器
1,言い訳
1,言い回し
1,たわ言
1,触れ込み
1,解毒
1,角形
1,角帽
1,親身
1,親戚
1,親子
1,視座
1,規範
1,規準
1,見込
1,見覚え
1,見積
1,見当
1,見学
1,見もの
1,要覧
1,要職
1,要点
1,要人
1,要
1,西部
1,西アフリカ
1,西
1,襲撃
1,襟
1,複利
1,製鉄
1,製粉
1,製氷
1,製剤
1,裡
1,補語
1,補聴器
1,裏打ち
1,装飾
1,装甲
1,被写体
1,袖口
1,表面積
1,表裏一体
1,表沙汰
1,街角
1,術
1,行間
1,行き過ぎ
1,行方
1,行列
1,行き先
1,血小板
1,蝶
1,蜜
1,蚊帳
1,虚像
1,虎視たんたん
1,藻
1,薬味
1,薬価
1,薬代
1,お薦め
1,薄茶
1,薄商い
1,薄利多売
1,蔚山
1,蔓延
1,蓋然性
1,蓄電池
1,葛藤
1,落ち葉
1,落胆
1,落着
1,落盤
1,落札
1,華麗
1,華奢
1,華やか
1,華
1,菜食
1,菜園
1,サルモネラ菌
1,荷電
1,荷役
1,荷主
1,荷
1,草案
1,草の根
1,草木
1,草分け
1,英次郎
1,英ポンド
1,苦痛
1,苦慮
1,苦心
1,苦役
1,苦しまぎれ
1,苦しみ
1,芸当
1,芝生
1,芝
1,色合い
1,色分け
1,良性
1,良心
1,良好
1,艦隊
1,艦船
1,船底
1,船尾
1,船員
1,船体
1,船主
1,船上
1,舵
1,航海
1,致遠
1,至高
1,臭い
1,臭
1,自重
1,自費
1,自販機
1,自薦
1,自立
1,自業自得
1,自明
1,自慰
1,自家用車
1,臆病
1,膵
1,膠着
1,腹の中
1,腹
1,リンパ腫
1,腕前
1,腔
1,腐食
1,脳しんとう
1,脱線
1,脱法
1,脱
1,脊椎
1,脈拍
1,胴元
1,胴体
1,背
1,胃酸
1,胃がん
1,胃
1,肩書き
1,肩代わり
1,肢
1,肝炎
1,肝心
1,聴
1,聞き覚え
1,聖戦
1,耳鼻咽喉科
1,耳鼻咽喉
1,耐水
1,考古学
1,考え事
1,老舗
1,老眼鏡
1,老朽
1,老い
1,翻弄
1,翳り
1,習氏
1,翌朝
1,羽毛
1,羽根
1,羽
1,義
1,群集
1,群雄割拠
1,群島
1,美術館
1,美学
1,罰
1,缶詰
1,繰り越し
1,繫
1,繋がり
1,繁盛
1,繁忙
1,縦糸
1,縄張り
1,縄
1,編制
1,締約
1,締め切り
1,締め出し
1,締めくくり
1,線路
1,線引き
1,総量
1,総菜
1,総数
1,総括
1,総務
1,緊迫
1,綱領
1,続行
1,続編
1,続報
1,続けざま
1,絶好調
1,絶命
1,絵画
1,絵柄
1,統廃合
1,給電
1,絡み
1,結集
1,結婚式
1,結び
1,経時
1,絆創膏
1,絆
1,組込み
1,組み替え
1,終着
1,終盤
1,終焉
1,紳士
1,累積
1,索
1,紡錘
1,紡績
1,素っ気
1,素朴
1,素敵
1,素人
1,純度
1,純化
1,納付
1,紀要
1,糾弾
1,糖
1,精選
1,精通
1,精米
1,精算
1,精神病
1,精巧
1,精力
1,精
1,粘着
1,粘液
1,お粗末
1,粉乳
1,粉々
1,ふくらし粉
1,簡潔
1,節電
1,節目
1,管内
1,箔
1,策略
1,答弁
1,答
1,筋金入り
1,筋腫
1,筋書き
1,等身
1,筆跡
1,符号
1,笑い話
1,笑
1,競走
1,競売
1,端緒
1,端的
1,端っこ
1,立脚
1,立方体
1,立候補
1,ひとり立ち
1,窓口
1,突進
1,突破口
1,突出
1,突き
1,穿刺
1,空調
1,空疎
1,空気圧
1,空き家
1,積み荷
1,積層
1,積み下ろし
1,稼業
1,種族
1,種もみ
1,稚拙
1,稔
1,税関
1,税込み
1,税源
1,税法
1,税収
1,秘書
1,秒速
1,科目
1,科技
1,私立
1,秀行
1,秀
1,禁句
1,祭典
1,神話
1,神経症
1,祝い
1,お祝い
1,社風
1,社運
1,社説
1,社主
1,礼儀
1,磁石
1,磁場
1,確薬
1,確新
1,確度
1,確医
1,碑
1,碁石
1,破裂
1,破片
1,破棄
1,研修生
1,サハラ砂漠
1,砂塵
1,砂ぼこり
1,石膏
1,石灰岩
1,石原
1,石井
1,短編
1,短絡
1,短所
1,短信
1,短め
1,短
1,知能指数
1,知恵
1,知名度
1,知り合い
1,知
1,瞼
1,睡眠薬
1,こん睡
1,着任
1,眼下
1,眠り
1,真っ赤
1,真皮
1,真っ白
1,真正面
1,真樹
1,真似
1,真上
1,真っ
1,県
1,看過
1,省庁
1,盾
1,相違
1,相殺
1,相棒
1,相手方
1,相性
1,直轄
1,直販
1,直視
1,直結
1,直立
1,盲目的
1,盲点
1,目隠し
1,目障り
1,目途
1,目眩
1,目と
1,監修
1,てんこ盛り
1,皿洗い
1,皮膜
1,皮切り
1,皮
1,的外れ
1,的中
1,白髪
1,白板
1,白書
1,白昼
1,白壁
1,発進
1,発布
1,発券
1,発がん
1,癖
1,癇癪
1,痴呆
1,痛烈
1,痛手
1,痛
1,症候
1,ダウン症
1,病歴
1,病欠
1,病変
1,病名
1,病人
1,疲弊
1,疲労
1,疫病
1,疫学
1,疑問符
1,異物
1,異様
1,異変
1,異同
1,番地
1,略号
1,畏敬
1,画策
1,画家
1,町中
1,男子
1,男児
1,由緒
1,田舎町
1,田畑
1,メモ用紙
1,用水
1,用具
1,産着
1,産油
1,産学
1,産声
1,産地
1,生薬
1,生真面目
1,生き残り
1,生まれ故郷
1,生放送
1,生きがい
1,甚大
1,瓶詰め
1,瓶
1,瓦礫
1,環礁
1,環状
1,理学部
1,理不尽
1,球技
1,球形
1,現役
1,現在地
1,現任
1,現れ
1,珍妙
1,珊瑚礁
1,王者
1,王国
1,玉
1,やり玉
1,獣医
1,獣
1,獄
1,献身
1,猛暑
1,猛
1,狭窄
1,狭小
1,狭さく
1,独り立ち
1,独断
1,独善
1,独
1,狙い撃ち
1,状勢
1,特約
1,特注
1,特権
1,特大
1,物腰
1,物書き
1,物干し
1,物価
1,物上
1,物まね
1,牧畜
1,牛肉
1,片言
1,片手
1,片側
1,爽快
1,爪
1,爆音
1,爆薬
1,爆死
1,熾烈
1,熱源
1,熱望
1,熱中
1,熟達
1,熟考
1,熟慮
1,煜明
1,煙
1,煒
1,焼き
1,焦げ
1,無駄遣い
1,無難
1,無防備
1,無言
1,無自覚
1,無縁
1,無秩序
1,無知
1,無痛
1,無用
1,無形
1,無実
1,無学
1,無味
1,無制限
1,無党派
1,無作法
1,無事
1,点火
1,点検
1,炭水化物
1,炭化
1,災難
1,灰
1,火の車
1,火種
1,火災報知器
1,火曜
1,火山
1,火付け
1,たき火
1,激高
1,激甚
1,激戦
1,潰瘍
1,潮目
1,漸進
1,漸次
1,漬け
1,漢文
1,演技
1,演出
1,漆黒
1,漁場
1,滞空
1,滅茶苦茶
1,溝
1,溜まり場
1,準拠
1,満喫
1,満員
1,湿り気
1,湿気
1,湿地
1,湾曲
1,湾岸
1,湖畔
1,温床
1,温
1,渦中
1,渤海
1,渡り鳥
1,渡航
1,減給
1,渓谷
1,清貴
1,清潔
1,淹
1,深部
1,液状
1,消防
1,消散
1,消去
1,浸食
1,浸透
1,浸水
1,海軍
1,海賊版
1,海賊
1,海流
1,海水浴
1,浴槽
1,浮上
1,浣腸
1,流血
1,流産
1,流暢
1,流域
1,流し台
1,流動的
1,流体
1,流ちょう
1,派閥
1,派兵
1,洪
1,洗い場
1,洗
1,洋間
1,インド洋
1,泳ぎ方
1,泳ぎ
1,注釈
1,波乱
1,泡
1,法曹
1,法定
1,法外
1,法体
1,油性
1,サラダ油
1,河
1,沢山
1,没
1,決闘
1,決裁
1,決死
1,決意
1,汚点
1,氷点下
1,氷河
1,水面
1,水鉄砲
1,水量
1,水質
1,水産
1,水滴
1,水槽
1,水害
1,水力
1,気鋭
1,気象庁
1,気落ち
1,気楽
1,気晴らし
1,気味
1,気まぐれ
1,民法
1,民兵
1,氏名
1,毛虫
1,毒素
1,毎回
1,お母様
1,殻
1,殺風景
1,殺菌
1,殺戮
1,殺害
1,殺伐
1,段
1,殴り込み
1,残業
1,残存
1,残
1,死角
1,死後
1,歴代
1,歳入
1,歯磨き粉
1,歯磨き
1,歯牙
1,歪曲
1,歪み
1,正門
1,正月
1,正念場
1,正否
1,歓声
1,歓喜
1,歌手
1,歌
1,欺瞞
1,欲
1,欧
1,欠落
1,欠席
1,欠
1,檻
1,機首
1,機転
1,機知
1,橋渡し
1,樹脂
1,樹木
1,横隔膜
1,横長
1,横道
1,横目
1,横向き
1,権益
1,模造
1,模擬
1,模型
1,様相
1,様子見
1,様変わり
1,槍玉
1,構
1,概説
1,概
1,楽天的
1,楽団
1,楽器
1,極限
1,楊
1,検診
1,検死
1,検察
1,検事
1,椅子
1,森林
1,棚卸し
1,棚上げ
1,梗塞
1,桟橋
1,格闘
1,格言
1,格子
1,栄光
1,査察
1,柴田
1,柔らか
1,架け橋
1,枯渇
1,枝
1,果て
1,林
1,枕
1,板挟み
1,まな板
1,東西
1,東洋
1,杰所
1,杭州
1,来週
1,来診
1,来春
1,束縛
1,村長
1,村人
1,材質
1,杉
1,机上
1,札幌
1,本道
1,本番
1,本業
1,本文
1,本意
1,本命
1,末端
1,未開拓
1,未読
1,未解決
1,未然
1,未決
1,未完
1,木の間
1,木目
1,木こり
1,期日
1,望遠鏡
1,服従
1,有罪
1,有給
1,有毒
1,有志
1,有史
1,月面
1,月賦
1,月日
1,最高峰
1,最貧
1,最盛
1,最深
1,最多
1,最善
1,最上級
1,曹慶
1,書面
1,書き手
1,書式
1,書き出し
1,書き入れ時
1,更年期
1,曳航
1,暴風雨
1,暴風
1,暴行
1,暴動
1,暮らし
1,暗黙
1,暗中模索
1,暖房
1,晴れ
1,景観
1,景色
1,景品
1,晩餐
1,時の間
1,時機
1,時折
1,時差
1,時事
1,昼食
1,昼夜
1,昼
1,是非
1,是正
1,昨日
1,昨年来
1,昨年度
1,明細
1,旺盛
1,早朝
1,早合点
1,早々
1,旧称
1,旧式
1,旧型
1,日頃
1,日陰
1,日用
1,日照
1,日焼け
1,日没
1,日本円
1,日曜
1,日時
1,日数
1,日付
1,既設
1,既成
1,既往
1,既
1,旗印
1,旋盤
1,方舟
1,方程式
1,方正
1,新鋭
1,新築
1,新生
1,新旧
1,新奇
1,新しもの
1,断言
1,斜め
1,文意
1,文型
1,うたい文句
1,整然
1,数社
1,数理
1,散見
1,散策
1,散発
1,教義
1,教示
1,教書
1,教え子
1,教員
1,教
1,敗因
1,救済
1,救命胴衣
1,救命
1,故郷
1,政党
1,放送大学
1,放課後
1,放物線
1,放尿
1,攻略
1,攻勢
1,攻め
1,改築
1,改称
1,改姓
1,支障
1,支配人
1,擲弾
1,操り
1,擁
1,摩擦
1,摘発
1,搾油
1,搬送
1,搬入
1,損得
1,揺らぎ
1,揚子江
1,提言
1,掲示板
1,推力
1,控え目
1,接頭
1,接続詞
1,接客
1,接合
1,探究
1,採集
1,掘り出し物
1,排水
1,排他
1,授受
1,授乳
1,据置
1,捜索
1,捕獲
1,挽回
1,振付け
1,挑発
1,指折り
1,指図
1,持ち運び
1,持ち逃げ
1,持ち前
1,持久
1,持ち主
1,持ち
1,拷問
1,拡声
1,拠り所
1,拝
1,拘置
1,拍車
1,拍手喝さい
1,拍手
1,担い手
1,抽象
1,押し売り
1,お披露目
1,択
1,抗菌
1,投薬
1,投獄
1,投機
1,投影
1,抑止
1,抑圧
1,把持
1,デジタル技術
1,払
1,打破
1,打ち合わせ
1,打
1,才
1,手駒
1,手近
1,手袋
1,手薄
1,手立て
1,手柄
1,手本
1,手数料
1,手放し
1,手抜き
1,手応え
1,手品
1,手元
1,手作り
1,手中
1,お手上げ
1,扇動
1,所管
1,所望
1,所在地
1,戸
1,戦車
1,戦後
1,戦士
1,戦勝
1,成語
1,成績
1,成り立ち
1,成就
1,成城
1,成否
1,成句
1,懐中
1,憶回
1,憤慨
1,憎悪
1,憂鬱
1,慰め
1,慧
1,態勢
1,感銘
1,感性
1,感度
1,感嘆
1,感受性
1,感化
1,愛顧
1,愛知
1,愛憎
1,愛情
1,愚行
1,愚痴
1,愕然
1,意訳
1,意表
1,意気投合
1,意地
1,意
1,想い
1,惨状
1,惨憺
1,惨事
1,惜しげ
1,情景
1,情報処理
1,情勢
1,悲痛
1,悲嘆
1,悪魔
1,悪用
1,悪玉
1,悪手
1,悪循環
1,悪人
1,悪事
1,悪ふざけ
1,悠長
1,息
1,ため息
1,恩返し
1,恥部
1,恥
1,恣意
1,恒常
1,恋愛
1,恋人
1,怪我
1,怪しげ
1,性差
1,急減
1,急務
1,急ピッチ
1,思春
1,思いつき
1,応酬
1,応対
1,応
1,忍耐
1,必読
1,必至
1,心気
1,心待ち
1,心当たり
1,心境
1,徴候
1,微小
1,微増
1,復調
1,復唱
1,復号
1,得策
1,得票
1,得体
1,徒歩
1,徐行
1,後頭部
1,後肢
1,後編
1,後続
1,後月
1,後戻り
1,後塵
1,後ろ向き
1,後世
1,待望
1,彷彿
1,彫像
1,彩
1,形跡
1,当機
1,当て推量
1,当惑
1,当座しのぎ
1,当夜
1,当人
1,弾道
1,弾力
1,弾丸
1,強風
1,強度
1,強大
1,ガラス張り
1,弱
1,引退
1,引き落とし
1,引き締め
1,引導
1,弊害
1,弁明
1,建屋
1,建前
1,延長線
1,延滞
1,延べ
1,延
1,廊下
1,廉価
1,廃屋
1,廃墟
1,庭園
1,庫
1,座礁
1,座標
1,度肝
1,度数
1,度合
1,府
1,店番
1,店員
1,底面
1,底辺
1,広言
1,広州
1,広場
1,広域
1,広がり
1,幾何
1,幼稚園
1,幻滅
1,幻想
1,幻影
1,年金
1,年率
1,年来
1,年末年始
1,年数
1,年収
1,年初
1,年刊
1,年下
1,平時
1,平方キロメートル
1,平文
1,平常
1,幕
1,幇助
1,常連
1,常勤
1,常勝
1,帳
1,帰り道
1,帰着
1,帰化
1,帰
1,席巻
1,帆
1,布製
1,布地
1,市議会
1,市町
1,市況
1,市政
1,市営
1,差益
1,左翼
1,左目
1,左折
1,工費
1,工期
1,工員
1,巡査
1,州民
1,州兵
1,崇高
1,崇拝
1,島原
1,岩石
1,岩盤
1,岐路
1,山頂
1,山間
1,層雲
1,屋敷
1,屈辱
1,屈曲
1,居眠り
1,局所
1,局内
1,尾
1,尺度
1,尺
1,就学
1,尚早
1,少なめ
1,小頭
1,小雨
1,小銭
1,小米
1,小競り合い
1,小物
1,小明
1,小数
1,小学校
1,小型車
1,小口
1,小切手
1,小びん
1,導
1,射殺
1,専念
1,専任
1,封鎖
1,封印
1,対称
1,対症療法
1,対数
1,対価
1,寸法
1,寸分
1,寵児
1,寮
1,審理
1,審問
1,寛大
1,寒冷
1,富豪
1,富士山
1,密閉
1,密着
1,密売
1,容認
1,容積
1,容態
1,家風
1,家計
1,家屋
1,家宅
1,家主
1,宮殿
1,宣告
1,お客様
1,客引き
1,客層
1,客室
1,実家
1,実子
1,実名
1,実体
1,宝庫
1,お宝
1,宛先
1,定額
1,定数
1,定住
1,宙
1,完結
1,完敗
1,安眠
1,安直
1,安泰
1,安易
1,安売り
1,安否
1,安上がり
1,安
1,孫娘
1,学賞
1,学科
1,学的
1,学界
1,学士
1,学びや
1,孤独
1,孤島
1,存命
1,存分
1,子育て
1,子守
1,子供
1,お子さん
1,わが子
1,嫌悪
1,嫌い
1,婦人
1,婦
1,婚約
1,威圧
1,威力
1,始末
1,始
1,妨
1,妙案
1,妊孕
1,好都合
1,好転
1,好物
1,好き嫌い
1,奴
1,女王
1,奥底
1,奥地
1,奥
1,奏功
1,奇術
1,奇病
1,奇形
1,失礼
1,失態
1,失地
1,失
1,太陽熱
1,太刀打ち
1,天然痘
1,天津
1,天文学
1,天安門
1,大騒ぎ
1,大見得
1,大臣
1,大腿
1,大盤振る舞い
1,大発見
1,大洋
1,大波
1,大江戸
1,大桶
1,大敵
1,大掛かり
1,大広間
1,大師
1,大安売り
1,大の字
1,大売り出し
1,大声
1,大地
1,大卒
1,大動脈
1,大前提
1,大別
1,大元
1,夢想
1,夜空
1,多量
1,多重
1,多言
1,多目的
1,多用
1,多彩
1,外食
1,外縁
1,外界
1,外気
1,外れ
1,夕食
1,変電
1,変遷
1,変調
1,変数
1,売り買い
1,売れ行き
1,売り手
1,売り切れ
1,売り主
1,壊死
1,壁画
1,壁掛け
1,お墨付き
1,増築
1,増減
1,増幅器
1,増員
1,墓場
1,境目
1,塡
1,塗装
1,塊
1,やり場
1,堪能
1,堕落
1,堅実
1,堃
1,堂々巡り
1,基調
1,基底
1,執務
1,埋蔵
1,埋め立て
1,埋め合わせ
1,型破り
1,坑夫
1,坂本
1,地震
1,地道
1,地盤
1,地獄
1,地場
1,在職
1,在留
1,在校生
1,在席
1,在中
1,在
1,圧縮
1,土踏まず
1,土管
1,土木
1,土曜
1,土手
1,土中
1,園芸
1,園内
1,国際医療福祉大学
1,国防省
1,国産
1,国旗
1,国政
1,国勢調査
1,国務省
1,国内外
1,国々
1,固体
1,図書館
1,図書
1,図式
1,囲い込み
1,団結
1,因
1,回覧
1,回分
1,回そう
1,ばん回
1,四隅
1,四六時中
1,四つんばい
1,囚人
1,噴霧
1,噴射
1,噴出
1,器機
1,嘲笑
1,嘉
1,喫緊
1,喪失
1,喝采
1,喉頭
1,善しあし
1,商談
1,商社
1,商機
1,商店
1,商工
1,商売
1,商人
1,員数
1,品行
1,品物
1,咽
1,和解
1,命脈
1,命名
1,呼称
1,呼応
1,呼び出し
1,味わい
1,味
1,ひと味
1,周遊
1,周波
1,周
1,吸盤
1,启超
1,否決
1,否
1,向こう岸
1,名詞
1,名目
1,名指し
1,名字
1,名人
1,名ばかり
1,あだ名
1,同類
1,同義語
1,同窓会
1,同年
1,同大
1,同国
1,同じ
1,合間
1,合金
1,各項
1,各界
1,各様
1,各店
1,各回
1,号機
1,右肩
1,右派
1,右手
1,台車
1,台詞
1,台湾
1,台座
1,可聴
1,召集
1,古参
1,口調
1,口語
1,口紅
1,口実
1,口外
1,口先
1,口げんか
1,受け身
1,受話器
1,受診
1,受精卵
1,受け手
1,受け口
1,受け取り
1,受動
1,取り込み
1,取締
1,取り巻き
1,取り入れ
1,叔母
1,収蔵
1,収束
1,収斂
1,双眼鏡
1,双
1,友情
1,友
1,及び腰
1,叉
1,参謀
1,参事
1,去年
1,厳選
1,厳戒
1,厳
1,原稿
1,原生
1,原案
1,原子核
1,原告
1,卸売り
1,卸
1,即製
1,即答
1,即効
1,危害
1,占有
1,博識
1,博打
1,単調
1,単細胞
1,単体
1,単
1,南端
1,南洋
1,南岸
1,南側
1,卓越
1,卓球
1,卑劣
1,半額
1,半減
1,半永久
1,半島
1,半信半疑
1,区間
1,区切り
1,区分
1,北欧
1,化工
1,化け
1,ふ化
1,イオン化
1,包丁
1,勾配
1,勤続
1,勢
1,勘違い
1,勘
1,動議
1,動脈
1,動的
1,動
1,勇気
1,勃発
1,効能
1,効き目
1,効用
1,効
1,労力
1,助走
1,助産
1,助手
1,劣勢
1,加速器
1,いい加減
1,加担
1,力学
1,創発
1,創始
1,割高
1,割れ目
1,割り当て
1,割増し
1,割り増し
1,割り
1,副次的
1,副業
1,前頭
1,前金
1,前野
1,前週
1,前輪
1,前者
1,前置き
1,前編
1,前日
1,前払い
1,前口上
1,前列
1,前倒し
1,前任
1,前かがみ
1,則
1,刺
1,券売
1,刷新
1,制覇
1,制裁
1,利権
1,利得
1,利己
1,別格
1,別件
1,別人
1,別世界
1,判例
1,判
1,初級
1,初戦
1,初心者
1,初年度
1,初回
1,刊本
1,刈り
1,切迫
1,切り貼り
1,切符
1,切り口
1,切り取り
1,分量
1,分解能
1,分署
1,分権
1,分岐
1,分娩
1,分化
1,分け前
1,分別
1,刁瑩
1,出航
1,出納
1,出番
1,出来合い
1,出所
1,出戻り
1,出動
1,出入り
1,出どころ
1,出し
1,凶器
1,几帳面
1,凝集
1,凝視
1,凝縮
1,凝結
1,凝固
1,凍土
1,冷静
1,冷遇
1,冷蔵
1,冷凍庫
1,冷
1,冬
1,军
1,冒険
1,再犯
1,再来
1,再審
1,円滑
1,内金
1,内輪
1,内覧
1,内臓
1,内緒
1,内約
1,内科
1,内用
1,内水
1,内戦
1,内情
1,内密
1,内定
1,内国
1,内務
1,内分泌
1,内側
1,内の人
1,兼用
1,兼務
1,兵士
1,共栄
1,ドミニカ共和国
1,六角形
1,公選
1,公転
1,公職
1,公立大
1,公社
1,公演
1,公司
1,公募
1,公判
1,公
1,八
1,全廃
1,入門
1,入金
1,入用
1,入れ物
1,入れ替え
1,入場
1,入団
1,入口
1,免責
1,光年
1,光信
1,先鋭
1,先述
1,先見
1,先行き
1,先手
1,先導
1,先取り
1,先例
1,先々
1,充足
1,充満
1,充分
1,充
1,元金
1,元気
1,元幸
1,元々
1,儲け
1,優雅
1,優越
1,優良
1,優等生
1,優生
1,優劣
1,償還
1,働き手
1,働きかけ
1,債権
1,傑出
1,傍観
1,傍目
1,偽り
1,側溝
1,健雄
1,停泊
1,偏重
1,偏
1,値頃
1,借入
1,俺
1,修飾
1,修理
1,修了
1,信託
1,信者
1,信用度
1,信条
1,信教
1,信仰
1,保安庁
1,保冷
1,保
1,俊足
1,係数
1,係官
1,侵食
1,価額
1,例示
1,例文
1,例年
1,使途
1,使い分け
1,使いみち
1,使い
1,併設
1,作り話
1,作り物
1,作業場
1,作り方
1,作付
1,余計
1,余儀
1,何人
1,体質
1,体調
1,体用
1,体液
1,住所
1,住居
1,低速
1,低迷
1,低調
1,低木
1,低層
1,位相
1,伴
1,伨
1,伝達
1,伝道
1,伝聞
1,会計検査院
1,优酷
1,休業
1,休息
1,休学
1,企図
1,代理人
1,代物
1,代弁
1,付随
1,付箋
1,付き物
1,付帯
1,付
1,他律
1,他人行儀
1,仕掛け
1,仕入れ
1,仕上がり
1,仕上げ
1,介助
1,今風
1,今春
1,人間味
1,人里
1,人選
1,人道的
1,人道
1,人通り
1,人見知り
1,人脈
1,人組
1,人的
1,人災
1,人柱
1,人嫌い
1,人力
1,人件
1,けが人
1,京都大
1,京都
1,交響
1,交戦
1,交尾
1,交友
1,交互
1,五輪
1,五角形
1,五分五分
1,二進法
1,二の舞
1,二枚舌
1,二分
1,二つ
1,事象
1,事案
1,事柄
1,事故死
1,事後
1,事務職
1,ただ事
1,予報
1,予告
1,亀裂
1,乾期
1,乳酸
1,乳化剤
1,乳
1,乱雑
1,乱気流
1,乱射
1,乗り気
1,久
1,マルクス主義
1,主管
1,主眼
1,主治医
1,主権
1,主戦
1,主人公
1,丸薬
1,中華人民共和国
1,中絶
1,中級
1,中流
1,中枢
1,中期
1,中旬
1,中指
1,中性子
1,中庭
1,中学
1,中央アフリカ
1,中型
1,中南米
1,中世
1,ただ中
1,両面
1,両院
1,両島
1,丘
1,世話人
1,世話
1,世界銀行
1,世捨て人
1,この世
1,与党
1,不随
1,不都合
1,不詳
1,不規則
1,不興
1,不自由
1,不老
1,不穏
1,不確か
1,不眠症
1,不測
1,不毛
1,不死
1,不案内
1,不朽
1,不服
1,不時着
1,不揃い
1,不屈
1,不妊症
1,不在
1,不和
1,不名誉
1,不可避
1,不可解
1,不可侵
1,不作法
1,不人気
1,不世出
1,不一致
1,下着
1,下流
1,下方
1,下品
1,下取り
1,下劣
1,下り
1,上面
1,上長
1,上部
1,上達
1,上質
1,上腕
1,上級車
1,上積み
1,上着
1,上皮
1,上流
1,上機嫌
1,上品
1,上出来
1,上側
1,上体
1,上乗せ
1,上がり
1,でっち上げ
1,三角州
1,三角
1,三菱重工
1,三菱自動車
1,三男
1,三原色
1,丈夫
1,万端
1,万全
1,一風
1,一進一退
1,一途
1,一輪車
1,一足飛び
1,一足
1,一語
1,一言
1,一角
1,一行
1,一群
1,一目瞭然
1,一番乗り
1,一生懸命
1,一様
1,一案
1,一本釣り
1,一時期
1,一時しのぎ
1,一日中
1,一新
1,一文
1,一戸建て
1,一律
1,一式
1,一幕
1,一山
1,一対
1,一大
1,一回り
1,一員
1,一周
1,一助
1,一元
1,一丸
1,一つ
1,Zips
1,zerhoni
1,Zerboni
1,ZDF
1,Z
1,z
1,YwBMWvbE
1,Yueting
1,ypA
1,your
1,Yorker
1,Yoochul
1,yNWBA
1,Yet
1,Year
1,Yard
1,Yahoo
1,y
1,xsMmdqYTE
1,XMC
1,XM
1,XL
1,XC
1,x
1,WWW
1,wWOmEGGY
1,WSJ
1,Write
1,Wrist
1,wrightsreprints
1,WPJ
1,Would
1,Worsen
1,Worse
1,Worry
1,Working
1,Worker
1,Worked
1,Work
1,words
1,wonderful
1,WMC
1,wJLB
1,Wise
1,WIRED
1,Wins
1,Winner
1,Wink
1,Wingz
1,WindEurope
1,Win
1,Wilt
1,Williams
1,will
1,Wikileaks
1,WiGig
1,WiFi
1,Wickr
1,Who
1,while
1,when
1,Well
1,Wefunder
1,Weep
1,week
1,Webvan
1,webprofessional
1,Webpass
1,webcreative
1,Weaves
1,Wear
1,Weapons
1,weapons
1,wcci
1,Water
1,Wars
1,war
1,Walmart
1,WallStreetJournal
1,Walk
1,w
1,vuln
1,Vtech
1,vs
1,VQT
1,VP
1,Voting
1,Voter
1,voter
1,volunteers
1,VoIP
1,Voices
1,Voice
1,VISA
1,Virtually
1,virtual
1,video
1,Vidburn
1,Vice
1,Viber
1,Vial
1,Vesper
1,Verifiable
1,Ventures
1,VentureBeat
1,venture
1,vehicles
1,ve
1,VCuTLs
1,Values
1,Value
1,Valor
1,vaccination
1,uZnl
1,UX
1,uvmKnFY
1,UV
1,USPTO
1,Using
1,using
1,Uses
1,Useful
1,USB
1,us
1,updating
1,up
1,Unspoken
1,unsound
1,University
1,Universe
1,Universal
1,UNIST
1,Unintended
1,Underwater
1,Understand
1,understand
1,Underground
1,under
1,Unacceptable
1,UMTRI
1,UM
1,Ultraprivate
1,Ultrafast
1,UIST
1,UCLA
1,UBS
1,uBlock
1,UberPOOL
1,uai
1,Tyler
1,TX
1,two
1,twitter
1,TVA
1,turnout
1,Turing
1,Tumblr
1,Tumble
1,TSA
1,Trying
1,Try
1,Trip
1,Tries
1,trials
1,trends
1,Trello
1,Treating
1,Treasure
1,Translational
1,Translates
1,Transistors
1,Transformer
1,Transactions
1,Trains
1,Trail
1,trade
1,Tracy
1,tracy
1,Town
1,Toward
1,toward
1,Tougher
1,Touch
1,Top
1,top
1,Too
1,Today
1,TLS
1,TITAN
1,tiny
1,Tinder
1,time
1,tier
1,Tidal
1,three
1,Threat
1,thousand
1,Thought
1,Thomas
1,THIS
1,They
1,they
1,TheTeslaModel
1,There
1,therapeutics
1,Theoretical
1,th
1,TGG
1,Tests
1,Terrorism
1,Terragraph
1,Terms
1,Tells
1,tell
1,Telecom
1,TEL
1,TechnologyReview
1,technologies
1,Technique
1,Teaching
1,Teach
1,Tay
1,Task
1,targeted
1,Target
1,Tape
1,Tap
1,Tango
1,Tangled
1,taking
1,take
1,TAG
1,TAA
1,systems
1,Synaps
1,Swimoid
1,Swanson
1,swanson
1,Survivors
1,Supremacy
1,Superintelligence
1,superintelligence
1,Supercomputer
1,Supercharged
1,SupChina
1,Suggests
1,suggests
1,suckerberg
1,suck
1,such
1,Success
1,Subsidize
1,Subjects
1,Stupidity
1,stupid
1,Stunts
1,Stub
1,Struggled
1,stronger
1,Stripe
1,Stressed
1,Stress
1,STREAMS
1,Strategy
1,Strategic
1,Stranded
1,Straining
1,Stores
1,Store
1,STNP
1,Stick
1,Stephen
1,Step
1,Steel
1,statlistics
1,Station
1,Statement
1,statement
1,Startups
1,Startup
1,startup
1,StarCraft
1,Standard
1,Stampede
1,Stalls
1,SSD
1,SSaS
1,SQ
1,spy
1,Spring
1,SPQR
1,Spotting
1,Sports
1,Spiritual
1,Spied
1,spicebox
1,Spectrum
1,Spectacles
1,speak
1,Sony
1,Song
1,Something
1,some
1,SoMa
1,solved
1,Solve
1,Solomon
1,software
1,SnowWorld
1,Snooper
1,snap
1,SMI
1,small
1,sleep
1,Slack
1,SLAC
1,sL
1,SK
1,since
1,Simulating
1,SIM
1,Signals
1,Signal
1,Sight
1,Sidewalks
1,Shrinking
1,Show
1,Shovels
1,Should
1,Shortcut
1,Shor
1,Shipping
1,Shield
1,sharing
1,Shaped
1,shaped
1,SHA
1,sewbo
1,sew
1,set
1,Services
1,service
1,Sequencing
1,Seq
1,Sephora
1,Senza
1,Sensor
1,Send
1,Sellout
1,Selling
1,self
1,Selenium
1,Seems
1,security
1,securities
1,Secure
1,Second
1,SEC
1,Sears
1,Sea
1,SE
1,SDI
1,SD
1,Scott
1,SCiStar
1,ScienceDebate
1,Scans
1,Sc
1,SBW
1,Saw
1,Sansar
1,Sandy
1,Salesmen
1,Sale
1,Sail
1,Sage
1,Safely
1,SafeBoda
1,Safe
1,Safari
1,rwtsGgGeX
1,Rwanda
1,Rust
1,Russ
1,Rush
1,Running
1,Run
1,rules
1,RTCA
1,rsxJwc
1,RPG
1,Royale
1,Routers
1,round
1,Rosenblum
1,Rose
1,Ropes
1,Room
1,roof
1,Romeo
1,Role
1,Rogue
1,Rockets
1,ROCKET
1,Rocket
1,robot
1,Rob
1,rob
1,rkyte
1,Rival
1,Risky
1,Risk
1,Right
1,Ride
1,rich
1,Rhino
1,Revolutionary
1,Reusable
1,retaining
1,result
1,Resolution
1,Reshaping
1,researchers
1,reputation
1,represents
1,Reports
1,Reported
1,Replacement
1,replacement
1,Replace
1,Repair
1,Renaissance
1,Removing
1,Remote
1,Relations
1,Reinvent
1,Regulatory
1,regulation
1,Regular
1,regular
1,Registry
1,Register
1,Redline
1,Red
1,Recognize
1,recognition
1,Receive
1,Rebooting
1,Rearchitect
1,realtor
1,real
1,Ransomware
1,RAND
1,raised
1,Radar
1,Racing
1,Race
1,QuTech
1,Quietly
1,quickly
1,Questions
1,Quantitative
1,QR
1,QOL
1,QoL
1,q
1,Python
1,Puts
1,Publisher
1,PS
1,Provide
1,provide
1,Proposed
1,ProPilot
1,PROPAGANDA
1,Proof
1,PRONTO
1,Promotes
1,Promising
1,Promiseda
1,Promised
1,Progress
1,Profit
1,Product
1,Processing
1,Proceed
1,Problems
1,problems
1,Private
1,private
1,Privacy
1,Printers
1,Price
1,PrIA
1,Preview
1,Premium
1,Prefers
1,predictive
1,Precision
1,Prakash
1,Praise
1,practice
1,pr
1,poZCINzxzrQ
1,PowerWatch
1,power
1,potus
1,posts
1,POS
1,portrait
1,Popescu
1,pontin
1,Pollution
1,Polluters
1,Polling
1,Politico
1,politicians
1,policy
1,policing
1,Poke
1,pointed
1,PO
1,PNE
1,PMMoV
1,Plucky
1,PlayStation
1,PlantVillage
1,Place
1,Pizza
1,pixels
1,Pixel
1,Pinged
1,Pigs
1,pig
1,Pierhead
1,picturing
1,pic
1,Physics
1,physical
1,photosynthetic
1,Photosynthesis
1,Photoshop
1,Photos
1,Phones
1,Phillipe
1,philippe
1,PGcXhYuoH
1,PfSPZ
1,Pew
1,Peso
1,PESA
1,Personal
1,Persistent
1,Persistence
1,Performance
1,Pérez
1,Perdix
1,percent
1,Pelletier
1,Peace
1,pDyYKcV
1,Paytm
1,Paying
1,pay
1,Paul
1,Patients
1,Patents
1,Patch
1,Parts
1,partridge
1,Partners
1,Parker
1,Paris
1,Paralyzed
1,Paperfuge
1,Pad
1,Oxbotica
1,Owned
1,Owen
1,ow
1,Overseas
1,Overnight
1,over
1,OvaScience
1,Outsource
1,Outlook
1,Outage
1,out
1,our
1,Otherlab
1,OsiriX
1,OSfd
1,Origin
1,order
1,Optalysys
1,Ops
1,opinno
1,onThisBatteryBreakthrough
1,Once
1,Olympics
1,OLED
1,OKCupid
1,Oil
1,Offer
1,OECD
1,Ocean
1,Ocado
1,Obsolete
1,NYU
1,NY
1,NVIDIA
1,Numbers
1,Nucleus
1,nuclear
1,NtwZXGprxag
1,NRC
1,NPR
1,now
1,November
1,Nothing
1,notes
1,Norwest
1,North
1,non
1,NOAA
1,no
1,NIST
1,Nissan
1,NIPS
1,nips
1,Nintendo
1,Nineteen
1,NIMBY
1,Night
1,Nicholas
1,Niantic
1,NHTS
1,NGO
1,NextShift
1,news
1,Never
1,Network
1,Netflix
1,net
1,needed
1,need
1,Nearing
1,Near
1,NCLC
1,NBER
1,navigation
1,National
1,NAO
1,NAND
1,Names
1,NaHCO
1,N
1,n
1,my
1,MW
1,Music
1,Muscle
1,Muro
1,MS
1,ms
1,Mr
1,MPA
1,MP
1,Motor
1,motion
1,Most
1,MOS
1,Morpheus
1,Moral
1,Moon
1,Mood
1,Monster
1,Monsanto
1,Monitors
1,Monique
1,Modular
1,Modified
1,modified
1,modernize
1,Mobileye
1,MobiHealthNews
1,mittrchinese
1,Mitochondrial
1,mistakes
1,Mississippi
1,Miso
1,minimum
1,Mini
1,Mind
1,Million
1,Miller
1,Military
1,Mila
1,might
1,Microsoft
1,Methbot
1,Metamaterial
1,Messenger
1,Messaging
1,MERS
1,mental
1,MEMS
1,Melonee
1,Medium
1,Medical
1,Mediated
1,mediaandtrade
1,meant
1,mcL
1,McKinsey
1,MCity
1,Mayhem
1,Maxmen
1,Maxes
1,Maureen
1,maureen
1,Matters
1,Matrix
1,MATLAB
1,mathwashing
1,Material
1,Marquezy
1,marquezy
1,March
1,Mara
1,Maps
1,many
1,Manu
1,Malta
1,Malls
1,Makers
1,Maize
1,Main
1,Mails
1,mail
1,Mahnkop
1,Magnify
1,Macy
1,machines
1,MacBook
1,MA
1,LyNqFY
1,lV
1,Ludum
1,LqC
1,Love
1,Loon
1,Looming
1,looking
1,Look
1,Logfret
1,Locus
1,Lock
1,Locally
1,LNG
1,Liu
1,List
1,link
1,Linden
1,Limited
1,Light
1,LIES
1,LIDER
1,LiDER
1,Lider
1,Libras
1,LG
1,Levin
1,Lens
1,LeEco
1,led
1,Learns
1,learn
1,Leaping
1,leader
1,LDK
1,Lazy
1,laws
1,launch
1,latest
1,late
1,Last
1,last
1,Laser
1,Languages
1,language
1,Lane
1,landscape
1,lag
1,Lackadaisical
1,Labs
1,Laboratory
1,Labor
1,l
1,Kyte
1,KxaiJ
1,kWChRGB
1,kW
1,kw
1,kpcnUGu
1,KPCB
1,Kopa
1,Knyttan
1,known
1,Kl
1,Kingpin
1,Kindle
1,Kim
1,killing
1,Kill
1,Kick
1,kI
1,kHz
1,Kg
1,KFEZ
1,KF
1,Key
1,Kenosia
1,Kennedy
1,Ken
1,ken
1,Keeps
1,Keedoozle
1,Kathleen
1,Kaplan
1,kadokawa
1,Just
1,Juskalian
1,June
1,Jump
1,Julie
1,julie
1,Joke
1,John
1,Job
1,jNIqyyypojg
1,jmartin
1,Jima
1,JIAA
1,Jia
1,Jennifer
1,Jeeva
1,JD
1,JCAR
1,Java
1,jason
1,Japanese
1,james
1,JackOut
1,JackIn
1,IV
1,Issue
1,ISS
1,Island
1,IS
1,IRCAD
1,IR
1,iOsKeaeXkb
1,IoI
1,io
1,involving
1,investors
1,investing
1,invested
1,Inverse
1,Inventiontoa
1,Invention
1,Invading
1,intervention
1,International
1,Interfaces
1,Interface
1,Interest
1,Intercept
1,Interactive
1,intelligently
1,Intelligent
1,Insurance
1,institute
1,Instead
1,insight
1,Innovation
1,InnAccel
1,Initiative
1,Inherit
1,Infrastructure
1,info
1,Influence
1,influence
1,Infections
1,Inequality
1,Indigo
1,Indications
1,Independent
1,Income
1,IMU
1,Improves
1,Improve
1,Important
1,impact
1,iMessage
1,IMAX
1,images
1,ijcai
1,II
1,IHS
1,IHME
1,IHMC
1,Ignite
1,if
1,icwsm
1,ICT
1,icrai
1,icml
1,ICARUS
1,IAC
1,hxcmZrYTE
1,hvlHnMkdflI
1,Hvistendahl
1,Hunting
1,Humphries
1,human
1,Hulu
1,Huge
1,HQMcTnEIuMg
1,how
1,HOT
1,Hostage
1,Hospital
1,Hololens
1,HoloEyes
1,Holding
1,Ho
1,HLB
1,Hits
1,HillaryClinton
1,Hill
1,Highlights
1,Higher
1,Hidden
1,HFEA
1,her
1,Hemisphere
1,Helps
1,helping
1,Helpers
1,heise
1,HEI
1,Heartbleed
1,Heard
1,hear
1,Head
1,HdmOveXgy
1,HBO
1,Hasn
1,Harvest
1,Harris
1,hard
1,HapticWave
1,Happened
1,Handle
1,Hand
1,Hall
1,Hacked
1,Hackable
1,Hack
1,Gynophage
1,GV
1,guypbenson
1,Gut
1,Guinea
1,guidance
1,GSM
1,Gryphn
1,Growth
1,gRgZrz
1,GreyOrange
1,GRASP
1,Grasp
1,Grail
1,Gouging
1,GoogleFiber
1,Good
1,Going
1,go
1,GMOs
1,GMC
1,Gmail
1,Glowing
1,Globe
1,Glimpse
1,Glenn
1,Glasses
1,Glance
1,glacier
1,gJdhW
1,Gizmodo
1,Giving
1,Gives
1,GirlsWhoCode
1,Ginkgo
1,Giants
1,Giant
1,gI
1,GHｚ
1,gh
1,gG
1,Gets
1,GetMe
1,Gesture
1,Germline
1,Geofeedia
1,Genomic
1,GenomeAsia
1,Genome
1,Genetically
1,Generic
1,Gears
1,GB
1,Gate
1,GAO
1,Game
1,GA
1,FutureCraft
1,FurtureGen
1,Further
1,Funds
1,funding
1,Fun
1,Full
1,Fukushima
1,Fuels
1,Fuel
1,FT
1,Friend
1,Friedman
1,friedman
1,Freedman
1,Fred
1,Frankly
1,Fox
1,Fortune
1,Forever
1,forever
1,Forerunner
1,Force
1,Foray
1,ForAllSecure
1,For
1,FnYTE
1,fMRI
1,FM
1,Flying
1,Flows
1,Flippy
1,Flipkart
1,Flex
1,Fleishman
1,Fleets
1,fleek
1,Flash
1,Flag
1,Fix
1,fix
1,FiveThirtyEight
1,Fiverr
1,Fitzgerald
1,FitBit
1,Firstcarquote
1,first
1,firms
1,Finley
1,finley
1,Finds
1,filthy
1,Field
1,Fidelity
1,FICO
1,Few
1,Festival
1,Feels
1,Feeling
1,Feeds
1,Featured
1,Fdc
1,Fc
1,Fasten
1,Farther
1,Farmers
1,Fare
1,Faraday
1,Far
1,FAQ
1,FAO
1,Falling
1,Fall
1,Fake
1,fairly
1,Fairley
1,Factory
1,Factor
1,Fact
1,fact
1,Faceteq
1,FA
1,Eyes
1,extra
1,extend
1,expressed
1,Exposes
1,Explosives
1,exploring
1,Explorer
1,exploits
1,Explain
1,Expire
1,Experimental
1,exome
1,Exist
1,Executive
1,excited
1,Exchange
1,ex
1,Ewing
1,Everything
1,every
1,events
1,Evatar
1,Etsy
1,Ethris
1,Ethics
1,estimated
1,espacequadri
1,Erik
1,Era
1,ER
1,Equip
1,equip
1,EPA
1,EO
1,enthusiastic
1,Enter
1,Encrypted
1,EnChroma
1,Emteq
1,Emtech
1,Empowerment
1,Employers
1,employees
1,Empathy
1,Emotions
1,Emissions
1,Emilio
1,Embarrassing
1,Elon
1,Elmaleh
1,elmaleh
1,ELIZA
1,Elikia
1,Electricity
1,Electrical
1,Elections
1,election
1,Eighty
1,Efforts
1,effort
1,Efficiency
1,Efemr
1,EERE
1,EE
1,Education
1,Editors
1,edition
1,Edited
1,edge
1,Ed
1,ed
1,ECRI
1,Economic
1,ECOG
1,Echavarria
1,echavarria
1,Ecco
1,ecai
1,EC
1,eBay
1,Eatsa
1,Eater
1,easing
1,Earth
1,Each
1,dzBrYTE
1,DVD
1,DV
1,Duty
1,Dunne
1,Duncan
1,dumb
1,DuLight
1,DSL
1,DS
1,Drumpf
1,Drop
1,drone
1,drivers
1,Drive
1,dRdD
1,DRAM
1,DR
1,Download
1,down
1,DoS
1,Doron
1,Dooribun
1,done
1,Donald
1,don
1,Dollar
1,Dogs
1,Does
1,does
1,DOE
1,document
1,Doctorow
1,Doctor
1,DM
1,DlSY
1,Division
1,Diving
1,dividualism
1,disturb
1,Distributed
1,Disruption
1,Disposable
1,Disk
1,Disease
1,Disabled
1,Disability
1,Dirty
1,DirectTV
1,Directive
1,Diplomatic
1,Dioxide
1,digital
1,digiceuticals
1,Differentiation
1,Diez
1,DI
1,DHS
1,DGPS
1,DFtVF
1,Dexterous
1,Development
1,Detecting
1,Destruction
1,Designer
1,Designed
1,derived
1,Depressed
1,Dependson
1,Demand
1,Deliver
1,Deferred
1,DeepMind
1,Decline
1,debatenight
1,Debate
1,Deals
1,de
1,DdSuM
1,dcai
1,DBI
1,day
1,daughterless
1,data
1,Dare
1,Danbury
1,Dan
1,Dallas
1,Daily
1,Cyence
1,Cyborg
1,Cybathlon
1,cutting
1,Cut
1,customers
1,Customer
1,customer
1,Cure
1,culture
1,Cultivates
1,CubeSats
1,CTF
1,CTCL
1,CSS
1,CSAIL
1,cs
1,Cryptography
1,CryptoDrop
1,Cryptocurrency
1,Crowley
1,Crossy
1,critical
1,crisp
1,Crisis
1,Crime
1,Creative
1,Create
1,crash
1,CPD
1,Coyle
1,Cowen
1,Courtney
1,Course
1,Country
1,country
1,Cory
1,Corporation
1,Cornell
1,Coping
1,copilot
1,COPD
1,Conversational
1,contribute
1,Content
1,contains
1,constantly
1,Conservation
1,Consequence
1,Congress
1,Confirms
1,Conferences
1,conference
1,Comrades
1,Computing
1,computer
1,Competition
1,compared
1,company
1,companies
1,Commuting
1,Commons
1,Commerce
1,Coming
1,Come
1,come
1,Collina
1,collina
1,Cold
1,Cognition
1,cofounder
1,Co
1,CMS
1,cms
1,cloud
1,Closer
1,closed
1,CLO
1,Clive
1,Clipchat
1,Clinical
1,clinical
1,City
1,Cisco
1,Chronicle
1,Choices
1,CHO
1,chip
1,Chinese
1,Chill
1,Chemistry
1,Cheap
1,Chatbots
1,Chat
1,Charter
1,charging
1,Charade
1,Chaos
1,Changed
1,Chance
1,ChameleonMask
1,CFO
1,CEV
1,centrifuge
1,Central
1,Centers
1,Center
1,Cementing
1,cellular
1,Cells
1,Cell
1,Celebrate
1,CE
1,CDN
1,CCO
1,cbullards
1,CBS
1,Caution
1,cat
1,CAS
1,Carts
1,cars
1,Carrying
1,Carr
1,CarPlay
1,Carmakers
1,CareKit
1,Capture
1,capital
1,capacity
1,capable
1,CanGMGofromVolttoBolt
1,Canalys
1,Canaan
1,Cambridge
1,Calling
1,Calico
1,CaliBurger
1,Café
1,CAFE
1,Cafe
1,CAD
1,Cabiati
1,cabiati
1,CA
1,BYD
1,By
1,Buyout
1,Butterfly
1,But
1,Burrows
1,Burn
1,Bumpy
1,Bump
1,Bullard
1,building
1,Broulette
1,Bromium
1,Brochure
1,Brixit
1,British
1,Brisbane
1,Brian
1,Brakes
1,bps
1,BP
1,Boss
1,Boosts
1,Boom
1,Books
1,body
1,Boats
1,Bluxome
1,blue
1,Blockstack
1,Blocking
1,Blockers
1,Blink
1,Blendoor
1,Blaze
1,blanket
1,bJgWWUfkQNs
1,bizofblockchain
1,bit
1,Biskup
1,Bioworks
1,Biotech
1,BioStampRC
1,Bionetworks
1,BioNascent
1,Biofabrication
1,Binge
1,Biggest
1,big
1,Biden
1,BHP
1,BH
1,Beyond
1,beyond
1,Bergstein
1,Benefits
1,Belt
1,Bell
1,Being
1,being
1,Beginning
1,BeeHex
1,Becomes
1,Become
1,Bebylon
1,Beats
1,Beast
1,Beams
1,BCSE
1,BCI
1,Bc
1,Battle
1,Basis
1,Basic
1,BASF
1,Based
1,based
1,Barry
1,barry
1,Bargain
1,Ban
1,Baby
1,Babies
1,Ayako
1,AWS
1,Avoid
1,Avenue
1,avatar
1,available
1,autopilot
1,Autonomy
1,automotive
1,Automobiles
1,Automobile
1,Automation
1,Automated
1,Autologous
1,Autoblog
1,Authority
1,Austin
1,Augumented
1,augmentation
1,Augment
1,Auerbach
1,Audit
1,audiences
1,auai
1,Attention
1,Atlas
1,Atlantic
1,ATG
1,Assigned
1,ASA
1,aS
1,Arvada
1,artificial
1,articles
1,arrest
1,Arizona
1,argument
1,Arcade
1,Apps
1,apartments
1,Apache
1,anyone
1,Antidote
1,Anthony
1,Ansa
1,Angel
1,Anett
1,Andrew
1,AND
1,AN
1,Amyris
1,Amy
1,amw
1,amp
1,Among
1,Américain
1,AMA
1,alumni
1,ALUM
1,Altitude
1,although
1,Alternative
1,Almost
1,Alliance
1,ALL
1,Alibaba
1,Algorithms
1,algorithm
1,Al
1,aistats
1,Airports
1,Airplanes
1,Airmada
1,AIG
1,Aids
1,Ai
1,ai
1,aho
1,Agriculture
1,Agitation
1,aggressively
1,Aggressive
1,against
1,After
1,Africa
1,afitzgerald
1,Affordable
1,AES
1,AeroForm
1,AEnykM
1,AEB
1,AdWords
1,Advisor
1,Advanced
1,AdSense
1,adsales
1,Admit
1,ADL
1,Adam
1,AD
1,Actually
1,Activity
1,activated
1,action
1,Acting
1,act
1,ACRIN
1,ACM
1,Acid
1,achieve
1,accurately
1,Accountability
1,Access
1,Accelerate
1,ACC
1,abBfZB
1,9980
1,998
1,9800
1,970
1,9695
1,965
1,9566
1,950
1,94107
1,9408
1,932
1,9300
1,924
1,921
1,920
1,917
1,911
1,9100
1,904
1,903
1,8947
1,89
1,8700
1,868
1,860
1,857
1,850
1,835
1,8336
1,830
1,83
1,8270
1,8200
1,8124
1,8123
1,808
1,8015
1,8005
1,8004
1,80005
1,799
1,798
1,797
1,780
1,78
1,77
1,767
1,75755
1,750
1,7493
1,749
1,7475
1,747
1,741
1,73
1,720
1,7125
1,71
1,68
1,679
1,669
1,6600
1,660
1,6591
1,659
1,653
1,6502
1,6500
1,650
1,649
1,6396
1,6386
1,6381
1,636
1,6230
1,620
1,616
1,611
1,610
1,608
1,604009
1,603
1,599
1,598
1,584
1,581
1,5800
1,5725
1,570
1,5520
1,550
1,5460
1,540
1,5352
1,531
1,5300
1,530
1,5230
1,5127
1,511
1,5092
1,501
1,499
1,494
1,492
1,4839
1,482
1,4790
1,4720
1,4685
1,4626
1,46
1,4546
1,4425
1,440
1,4300
1,4200
1,420
1,413
1,410
1,4013
1,398
1,390
1,3803
1,380
1,37
1,3654
1,3511
1,351
1,349
1,345
1,3438
1,336
1,3300
1,3220
1,3110
1,3100
1,303
1,299
1,2982
1,294
1,2870
1,281
1,278
1,2744
1,270
1,266
1,265
1,262
1,2600
1,256
1,254
1,253
1,2501
1,249
1,2400
1,240
1,232
1,231
1,2300
1,2280
1,2200
1,218
1,217
1,215
1,2100
1,210
1,209
1,208
1,2040
1,2026
1,2023
1,202
1,1997
1,1991
1,1986
1,1985
1,1984
1,1977
1,1974
1,1972
1,1968
1,196
1,1956
1,1953
1,1952
1,1950
1,1942
1,1937
1,193
1,1927
1,192
1,1909
1,1903
1,190
1,1890
1,1880
1,1864
1,1860
1,1830
1,177
1,175
1,172
1,165
1,1619
1,1617
1,159
1,154
1,151
1,148
1,1460
1,1459
1,145
1,1430
1,1413
1,137
1,1325
1,132
1,1303
1,129
1,128
1,1260
1,126
1,1245
1,1220
1,122
1,1207
1,1186
1,118
1,117
1,1150
1,115
1,1140
1,114
1,1133
1,1120
1,1115
1,111
1,1090
1,108
1,10516
1,1040
1,104
1,1033
1,0846
1,06810
1,0623
1,02142
1,015
1,005
1,ニューイングランド・ジャーナル・オブ・メディシン
1,　+
1,（$
1,―”～”―”
1,（
1,（.
1,+）
1,++
1,*。
1,[[[～]]]
1,)(
1,”（”～”）”
1,”.”
1,”:”
1,”,”～”,”
1,”,”
1,”=”
1,/）
1,/?
1,?”
1,??
1,!」
1,!!!　
1,!
1,,”）
1,,’
1,=_
