41,s
19,Note
17,We
16,t
15,The
14,is
11,to
11,the
8,re
8,In
7,and
6,When
6,How
6,Download
6,A
5,than
4,To
4,that
4,it
4,I
4,Here
4,He
4,hbsp
4,HBR
4,Facebook
3,you
3,While
3,we
3,Twitter
3,Shannon
3,org
3,My
3,m
3,Journal
3,It
3,including
3,If
3,has
3,from
3,For
3,edu
3,Bottom
3,billion
3,at
2,Yet
2,Why
2,What
2,Wall
2,ve
2,Users
2,upon
2,Trump
2,Times
2,This
2,they
2,Subject
2,Students
2,per
2,PDF
2,output
2,Our
2,or
2,of
2,Not
2,not
2,New
2,Military
2,Mail
2,ll
2,latest
2,Kabir
2,in
2,here
2,Given
2,Educators
2,do
2,d
2,collectively
2,Coined
2,By
2,buttons
2,But
2,brief
2,BLUF
2,Biodefense
2,bestselling
2,banning
2,Background
2,An
2,against
1,Zuckerberg
1,Zorn
1,www
1,wrote
1,workers
1,won
1,will
1,which
1,wherein
1,weyded
1,Web
1,was
1,warned
1,Visa
1,view
1,Victoria
1,via
1,verbs
1,var
1,urging
1,Upending
1,United
1,Unable
1,Uber
1,Two
1,tweeted
1,trust
1,Translate
1,Tom
1,Today
1,Tobin
1,tip
1,time
1,through
1,this
1,Third
1,They
1,These
1,their
1,Tell
1,technology
1,technologies
1,Tech
1,Supplements
1,suffered
1,Subsidize
1,subjected
1,stringent
1,Steve
1,stepped
1,stated
1,Spanish
1,Some
1,some
1,social
1,should
1,Share
1,Setting
1,security
1,Second
1,score
1,scientists
1,scenes
1,sales
1,said
1,Safeguarding
1,safe
1,response
1,Resilience
1,Research
1,research
1,Request
1,remaining
1,reliance
1,Register
1,refused
1,Refugees
1,refugees
1,Reducing
1,recently
1,rd
1,questions
1,Publication
1,protests
1,Proponents
1,promising
1,promised
1,process
1,pressure
1,postal
1,plenty
1,Physical
1,Phone
1,Personality
1,Personal
1,persistence
1,permissions
1,Permission
1,PepsiCo
1,Patricia
1,pandemic
1,Pages
1,Over
1,Other
1,Order
1,order
1,online
1,on
1,Now
1,Notable
1,Neither
1,negative
1,militarizing
1,Michelle
1,Michele
1,Mastercard
1,marshmallow
1,Mark
1,Many
1,Manjot
1,Management
1,Making
1,Make
1,Lowe
1,Lots
1,loses
1,lives
1,linked
1,Lindsey
1,Like
1,Let
1,lawyers
1,latonero
1,later
1,Lastly
1,Kalanick
1,Kaitlin
1,joined
1,invest
1,interact
1,Innovations
1,increased
1,html
1,how
1,home
1,hit
1,highlighted
1,have
1,Harvard
1,Hardcopy
1,Handbook
1,Governor
1,government
1,Google
1,Global
1,Give
1,Gates
1,Gary
1,Frank
1,format
1,forecasting
1,for
1,follow
1,First
1,Firms
1,financial
1,filed
1,facing
1,experiment
1,Exchange
1,eXchange
1,Excess
1,examined
1,Even
1,estimated
1,Email
1,economical
1,economic
1,Ebook
1,During
1,Do
1,Discover
1,Development
1,details
1,DBC
1,database
1,Dante
1,customerservice
1,CST
1,crucial
1,crisis
1,creating
1,Countries
1,contact
1,Consider
1,consensus
1,com
1,Click
1,Circles
1,choice
1,children
1,Change
1,case
1,Canada
1,by
1,Butler
1,Bundle
1,Bulletin
1,build
1,book
1,Blue
1,Blizzard
1,bipartisan
1,best
1,Besides
1,behind
1,Because
1,because
1,Be
1,Baylor
1,Ayelet
1,Auburn
1,At
1,As
1,as
1,are
1,announced
1,an
1,American
1,Altman
1,allocated
1,All
1,Airbnb
1,Air
1,accounts
1,Access
1,about
1,a
