620,ハー
352,.
304,バード
297,,
289,ビジネス
255,and
254,ご
233,the
198,of
171,to
148,的
100,in
97,企業
97,サイエンス
84,-
80,is
80,a
76,イノベーション
72,性
71,テクノロジー
70,人
66,経営
62,for
61,従業
61,員
58,1
56,戦略
50,their
49,are
47,DIAMOND
45,論文
44,The
42,者
42,人間
40,組織
40,本誌
40,事業
38,as
35,化
35,世界
34,行動
34,価値
33,日本
33,performance
32,何
32,:
31,on
31,by
31,/
30,記事
30,時代
29,働き手
29,Transformers
29,that
29,Performers
28,3
27,年
27,www
27,with
27,Japanese
27,human
27,://
26,中
26,http
26,business
25,本
25,完璧
25,or
25,companies
25,All
25,>>
24,掲載
24,情報
24,変化
24,be
23,購入
23,多く
23,円
23,they
23,management
23,'
22,必要
22,形式
22,主義
22,URL
22,Rights
22,Reserved
22,PDF
22,net
22,Inc
22,dhbr
22,articles
22,2
22,{'
22,'}
22,':
22,/-/
21,税
21,社会
21,環境
21,本体
21,変革
21,力
21,from
21,907
20,not
20,オートクチュール
20,[
19,関係
19,米国
19,生産
19,仕事
19,more
19,(
18,誰
18,自分
18,結果
18,活用
18,実施
18,all
17,質
17,物質
17,氏
17,月
17,成長
17,意識
17,影響
17,talent
17,role
16,競争
16,私
16,存在
16,場合
16,可能
16,厳選
16,効果
16,人材
16,事実
16,will
15,顧客
15,開発
15,自社
15,研究
15,波及
15,我々
15,強み
15,伝統
15,we
15,knowledge
15,highly
15,].
14,長期
14,重視
14,次
14,方法
14,平均
14,号
14,work
14,which
14,have
14,employment
14,an
13,重要
13,理解
13,有害
13,基準
13,会社
13,人類
13,二
13,should
13,resources
13,its
13,it
13,5
13,4
12,隣
12,関連
12,産業
12,提供
12,分野
12,僕
12,一つ
12,一
12,within
12,were
12,was
12,than
12,organisation
12,one
12,IoT
12,how
12,environment
12,between
12,)
11,議論
11,経済
11,版
11,無
11,概念
11,定義
11,大量
11,作品
11,upon
11,skills
11,organization
11,new
11,key
11,high
11,future
11,firm
11,employees
11,being
11,at
10,面
10,間
10,調査
10,消費
10,有限
10,感
10,後
10,実行
10,型
10,創造
10,value
10,typically
10,through
10,targets
10,strategic
10,people
10,network
10,market
10,many
10,has
10,focus
10,e
10,different
10,development
10,company
10,2016
10,ウルトラテクノロジスト
9,領域
9,非
9,需要
9,集団
9,言葉
9,能力
9,管理
9,相互
9,構造
9,やり方
9,技術
9,年代
9,実現
9,実務
9,向上
9,前
9,別
9,以下
9,人々
9,一般
9,s
9,purpose
9,process
9,no
9,much
9,external
9,established
9,culture
9,career
9,capital
9,been
9,based
8,高
8,関心
8,配置
8,部門
8,部
8,資源
8,貢献
8,観
8,自ら
8,紹介
8,独自
8,昇進
8,方
8,数
8,成功
8,慣行
8,市場
8,将来
8,家
8,大戦
8,大
8,傾向
8,what
8,traditional
8,time
8,This
8,this
8,system
8,staff
8,set
8,resource
8,requirements
8,manage
8,making
8,decision
8,corporate
8,can
8,but
8,also
8,against
8,according
8,A
8,6
8,21
7,雇用
7,課題
7,試読
7,解決
7,解放
7,規模
7,要因
7,製造
7,空間
7,社
7,知見
7,知性
7,目
7,特集
7,特定
7,法
7,本書
7,明らか
7,日
7,新た
7,思考
7,彼ら
7,度
7,年功序列
7,層
7,対応
7,学問
7,失敗
7,多角
7,同社
7,口コミ
7,努力
7,利益
7,判断
7,分解
7,具体
7,信頼
7,例
7,交渉
7,We
7,way
7,today
7,There
7,term
7,such
7,success
7,st
7,services
7,require
7,products
7,processes
7,opportunities
7,often
7,needs
7,managed
7,likely
7,jp
7,innovation
7,if
7,global
7,formal
7,focussed
7,fit
7,firms
7,especially
7,enterprise
7,employee
7,domestic
7,complex
7,co
7,clear
7,change
7,century
7,capable
7,capabilities
7,both
7,approach
7,9
7,トランスフォーマー
6,達成
6,込み
6,転換
6,賃金
6,自然
6,背景
6,美
6,編集
6,組合
6,終身
6,発生
6,発揮
6,発展
6,申
6,現場
6,現在
6,猪子
6,特性
6,点
6,演習
6,測定
6,機敏
6,業界
6,有効
6,方向
6,教授
6,提示
6,展開
6,好き
6,基本
6,営利
6,同僚
6,合理
6,各
6,参加
6,像
6,供給
6,以前
6,人的
6,人事
6,中心
6,上
6,working
6,wide
6,three
6,They
6,these
6,systems
6,strategies
6,right
6,promotion
6,possible
6,pay
6,over
6,job
6,individual
6,In
6,hierarchy
6,g
6,ever
6,each
6,developing
6,customers
6,commitment
6,businesses
6,ARM
6,100
6,コストパフォーマンス
5,非常
5,雨
5,過去
5,評価
5,表現
5,行為
5,花
5,脳
5,筆者
5,示唆
5,破壊
5,発信
5,理由
5,現象
5,決定
5,歴史
5,機能
5,構築
5,業
5,最近
5,普及
5,時間
5,昔
5,昇給
5,成果
5,形成
5,年間
5,対象
5,姿勢
5,多様
5,国
5,困難
5,回
5,問題
5,反復
5,反
5,協調
5,協力
5,区
5,制度
5,全体
5,優位
5,以外
5,代表
5,世界中
5,万
5,一部
5,一方
5,world
5,workers
5,well
5,values
5,valuable
5,up
5,To
5,those
5,Strategy
5,share
5,seniority
5,required
5,practices
5,potential
5,performing
5,past
5,other
5,Organizations
5,Oracle
5,operations
5,need
5,most
5,internally
5,informal
5,influence
5,HR
5,globally
5,externally
5,even
5,delivering
5,customer
5,contribution
5,competitors
5,collaboration
5,changing
5,behaviour
5,because
5,As
5,age
5,across
5,20
5,1960
5,10
5,サィード・ビジネス・スクール
4,革新
4,非合理
4,集中
4,阿久津
4,関
4,都
4,道具
4,運営
4,進歩
4,連載
4,追求
4,谷
4,論
4,誘因
4,詳細
4,見え
4,要素
4,複雑
4,複数
4,製品
4,自身
4,自動車
4,職場
4,職
4,考え方
4,絵
4,簡単
4,策定
4,移動
4,社員
4,確保
4,知
4,相手
4,目標
4,理論
4,現状
4,現実
4,状況
4,物理
4,物事
4,無数
4,浸透
4,流れ
4,活動
4,沖
4,欧米
4,機会
4,業績
4,株価
4,東京
4,本質
4,未来
4,最初
4,時
4,文脈
4,投資
4,手
4,意味
4,従来
4,その後
4,年齢
4,専門
4,学者
4,天才
4,大手町
4,大学
4,場所
4,商品
4,収益
4,反応
4,原則
4,千代田
4,労働
4,分析
4,准
4,再現
4,内
4,共有
4,共同
4,他社
4,他
4,今後
4,事例
4,予想
4,丸の内
4,世間
4,世紀
4,years
4,where
4,vision
4,via
4,variety
4,two
4,transforming
4,Transformer
4,track
4,think
4,These
4,TEL
4,technical
4,task
4,strong
4,strategically
4,sourced
4,size
4,same
4,rewards
4,range
4,progression
4,production
4,product
4,primarily
4,position
4,pillars
4,perform
4,peer
4,overseas
4,opportunity
4,now
4,measured
4,mass
4,managing
4,looking
4,longer
4,long
4,levels
4,level
4,learning
4,leading
4,leadership
4,large
4,Japan
4,It
4,into
4,international
4,internal
4,industrial
4,increasingly
4,HRM
4,hard
4,function
4,form
4,For
4,Firms
4,emerging
4,economy
4,differently
4,Development
4,develop
4,deliver
4,data
4,consumer
4,connections
4,connected
4,competition
4,collective
4,breed
4,believe
4,And
4,achieve
4,8
4,2017
4,14
4,03
4,).
4,?
3,革命
3,非難
3,電話
3,階級
3,醸成
3,部分
3,過程
3,進展
3,進化
3,通り
3,逆
3,退社
3,距離
3,資金
3,象徴
3,講演
3,論考
3,説明
3,認識
3,設計
3,計画
3,解消
3,ご覧
3,衝撃
3,自体
3,群
3,系
3,糖尿
3,精神
3,策
3,答え
3,端末
3,積極
3,科学
3,ダイヤモンド社
3,短期間
3,短期
3,知能
3,知的
3,着目
3,直面
3,発表
3,発売
3,病
3,町
3,生活
3,生
3,琴
3,現代
3,牽引
3,無限
3,海外
3,注目
3,模索
3,様式
3,構成
3,株式会社
3,柔軟
3,東芝
3,本稿
3,期待
3,ヵ月
3,書籍
3,明確
3,新
3,斬新
3,改善
3,投入
3,慶應義塾
3,感動
3,意思
3,想像
3,思い
3,必然
3,心理
3,復興
3,役割
3,当時
3,座席
3,店舗
3,広
3,幹部
3,尺度
3,寿之
3,実践
3,実在
3,守り
3,学
3,姿
3,始まり
3,多岐
3,変更
3,基
3,均質
3,坂
3,地域
3,喚起
3,問い
3,品
3,否定
3,同様
3,同
3,取締役
3,双方
3,参考
3,参照
3,原因
3,卓越
3,卒業
3,十分
3,勝ち
3,加速
3,創
3,前提
3,利用
3,再編
3,内容
3,共通
3,先
3,倍
3,価格
3,作業
3,体得
3,体制
3,企画
3,以上
3,付加
3,他者
3,予算
3,不足
3,不可欠
3,上司
3,一流
3,would
3,workplace
3,whole
3,Western
3,various
3,unique
3,union
3,training
3,top
3,thinking
3,there
3,terms
3,t
3,superior
3,STW
3,strategy
3,standardised
3,some
3,solutions
3,social
3,simply
3,short
3,several
3,service
3,self
3,sectors
3,Royce
3,Rolls
3,rewarded
3,results
3,result
3,responsible
3,responsibility
3,requires
3,remain
3,recruiting
3,quickly
3,PwC
3,purposefully
3,progressing
3,proficiency
3,professional
3,problems
3,principles
3,prescribed
3,practice
3,pool
3,personnel
3,peak
3,partners
3,pace
3,Oxford
3,once
3,offering
3,objectives
3,novel
3,norm
3,networks
3,meet
3,marketplace
3,Many
3,Like
3,lifetime
3,leverage
3,less
3,lead
3,irrespective
3,interventions
3,innovative
3,information
3,individuals
3,individualistic
3,including
3,incentives
3,important
3,ICT
3,i
3,higher
3,growth
3,go
3,further
3,forward
3,flexibility
3,first
3,financial
3,features
3,facilitated
3,exploiting
3,example
3,essential
3,enhanced
3,efficiently
3,effective
3,easily
3,downstream
3,dominate
3,direction
3,devices
3,demand
3,delivery
3,defined
3,customization
3,create
3,could
3,compete
3,compensation
3,come
3,collaborative
3,choose
3,careers
3,best
3,available
3,around
3,advance
3,acquisition
3,ability
3,7
3,50
3,2000
3,15
3,12
3,ギュスターヴ・カイユボット
3,マックスウェル・ベッセル
3,]
2,魅力
2,高級
2,高校
2,高み
2,骨格
2,駆使
2,飛躍
2,顕著
2,非凡
2,隣人
2,障害
2,際
2,隔たり
2,限界
2,限定
2,長期間
2,長年
2,長
2,金融
2,量
2,配分
2,遺産
2,遺伝子
2,選択
2,適用
2,過度
2,連携
2,速度
2,通用
2,通念
2,通常
2,近隣
2,近く
2,身
2,資本
2,責任
2,負
2,豊富
2,論理
2,調整
2,認知
2,話題
2,話
2,証
2,設立
2,言及
2,解説
2,視点
2,見解
2,見方
2,要求
2,製薬
2,表
2,融合
2,薬
2,興味
2,自由
2,自滅
2,自己
2,自前
2,職位
2,習慣
2,線
2,総論
2,継続
2,統合
2,給与
2,結論
2,組
2,納得
2,簡潔
2,秘訣
2,社長
2,確立
2,短時間
2,真
2,県
2,異論
2,番組
2,番地
2,略
2,界
2,生態
2,物
2,無意識
2,激動
2,潜在
2,満足
2,活躍
2,注意
2,注力
2,沼上
2,比較
2,段階
2,欧州
2,次元
2,機械
2,機
2,橋渡し
2,検証
2,格差
2,根本
2,本社
2,本業
2,本来
2,期間
2,服
2,有名
2,最高
2,最適
2,最新
2,最大限
2,書
2,時点
2,時期
2,日常
2,既存
2,方針
2,方式
2,新著
2,新興
2,新入
2,教訓
2,教育
2,敏感
2,政治
2,攻め
2,携帯
2,損得
2,探究
2,指示
2,指摘
2,持続
2,拡充
2,抜本
2,把握
2,手順
2,手段
2,愛情
2,急速
2,必須
2,得意
2,彫刻
2,形
2,強烈
2,幹
2,席
2,差別
2,左右
2,工場
2,崇拝
2,山口
2,就任
2,将棋
2,対処
2,容易
2,室長
2,室
2,実験
2,実証
2,宜保
2,安価
2,学部
2,学術
2,学習
2,嫌
2,契約
2,大手
2,外的
2,壮大
2,場
2,報酬
2,報告
2,基軸
2,圧倒的
2,国際
2,国境
2,図
2,囲碁
2,団体
2,回答
2,四
2,周辺
2,同質
2,同業
2,同意
2,同士
2,同一
2,合同
2,各論
2,反発
2,参入
2,区別
2,勤務
2,動き
2,創出
2,別れ
2,分類
2,分
2,出来事
2,出会い
2,処理
2,冒頭
2,再考
2,再
2,典型
2,共
2,全般
2,全社
2,先頭
2,先進
2,先取り
2,億
2,偶然
2,側面
2,個人
2,促進
2,便利
2,依存
2,使用
2,作為
2,余暇
2,体調
2,以降
2,代替
2,今月
2,今日
2,今回
2,人生
2,人格
2,人工
2,人員
2,人命
2,予防
2,予測
2,乱立
2,主導
2,両者
2,不思議
2,一言
2,一定
2,一変
2,一人ひとり
2,wrong
2,Works
2,worked
2,won
2,Within
2,win
2,widely
2,whilst
2,whether
2,when
2,very
2,vertical
2,variable
2,valued
2,upstream
2,unprecedented
2,units
2,uniquely
2,unions
2,underperformance
2,under
2,turning
2,Turk
2,trying
2,trust
2,Transformation
2,transformation
2,traditionally
2,towards
2,toshiba
2,tomorrow
2,Their
2,That
2,territory
2,technologies
2,technological
2,teams
2,taskers
2,Talent
2,taking
2,tailored
2,tactics
2,supply
2,Such
2,structure
2,structurally
2,strategyand
2,stocks
2,still
2,stable
2,specified
2,spanning
2,source
2,solving
2,soft
2,shared
2,seven
2,separate
2,sense
2,senior
2,segmented
2,segment
2,scope
2,School
2,runs
2,running
2,rules
2,roles
2,rethink
2,respond
2,research
2,requesters
2,relying
2,rely
2,relies
2,reinforced
2,reinforce
2,regular
2,refresh
2,reflecting
2,Recruitment
2,recruitment
2,recruited
2,record
2,recently
2,reality
2,re
2,rather
2,rate
2,question
2,quality
2,pwc
2,providing
2,provides
2,productivity
2,procedures
2,problem
2,prepare
2,preferences
2,prediction
2,predictable
2,pre
2,PR
2,population
2,policies
2,platform
2,planning
2,placed
2,place
2,personalisation
2,personal
2,period
2,Performer
2,Performance
2,perceived
2,per
2,peers
2,part
2,paper
2,page
2,package
2,p
2,own
2,outside
2,outline
2,outcomes
2,out
2,our
2,Oriented
2,organizationally
2,organizational
2,organisations
2,organisational
2,ordination
2,opposed
2,operational
2,operate
2,occupations
2,observe
2,nor
2,non
2,nomination
2,New
2,networking
2,necessarily
2,move
2,More
2,mix
2,mission
2,might
2,Mechanical
2,measurable
2,means
2,may
2,matrix
2,matching
2,Martin
2,markets
2,manufacturing
2,managers
2,manager
2,made
2,loyalty
2,local
2,linked
2,linear
2,limited
2,Lifetime
2,libcon
2,lateral
2,larger
2,labour
2,keep
2,jointly
2,iot
2,invest
2,introduction
2,interests
2,intensively
2,intense
2,integration
2,insight
2,influencing
2,industries
2,include
2,ideas
2,hybrid
2,However
2,HBR
2,had
2,grown
2,ground
2,great
2,getting
2,get
2,gathered
2,functions
2,fulfil
2,forty
2,foreign
2,forcing
2,fixed
2,fits
2,field
2,few
2,fast
2,F
2,expertise
2,experience
2,expected
2,expectations
2,executives
2,executive
2,exchanging
2,every
2,ethos
2,entirety
2,entirely
2,ensure
2,enables
2,employers
2,Employees
2,employed
2,emergent
2,elsewhere
2,effort
2,effectively
2,education
2,ecosystem
2,economies
2,East
2,earnings
2,due
2,down
2,domain
2,do
2,distinct
2,discretionary
2,developments
2,desired
2,demanding
2,delivered
2,decisions
2,day
2,Customers
2,currency
2,critical
2,creativity
2,creation
2,countries
2,corresponding
2,core
2,cope
2,COP
2,continuously
2,continue
2,constrain
2,consist
2,considered
2,considerable
2,computing
2,Complacent
2,competitiveness
2,competitive
2,community
2,communication
2,com
2,closely
2,close
2,Class
2,circumstances
2,characterized
2,challenging
2,certainty
2,certainly
2,cent
2,Career
2,care
2,capability
2,buying
2,Businesses
2,bundling
2,building
2,brethren
2,boxes
2,below
2,behaviours
2,become
2,became
2,basis
2,Based
2,balance
2,average
2,automation
2,any
2,amount
2,among
2,Amazon
2,align
2,agility
2,aggressive
2,Age
2,added
2,action
2,about
2,6921
2,6250
2,5220
2,4821
2,4817
2,30
2,2688
2,25
2,2010
2,19
2,17
2,13
2,1200
2,11
2,1000
2,0004
2,&）
2,],
2,),
2,.,
2,=
1,黄金
1,麻薬
1,鬱
1,高齢
1,高額
1,高度
1,高低
1,驚異
1,駆動
1,馬車
1,馬
1,飽和
1,飛行機
1,類
1,願望
1,額縁
1,額
1,題
1,頻度
1,頭打ち
1,頭
1,項
1,頃
1,音楽
1,非対称
1,非公式
1,電子
1,難易
1,難
1,離職
1,集約
1,集め
1,障壁
1,階層
1,陣容
1,限度
1,限り
1,闇雲
1,関わり
1,間隔
1,間取り
1,間仕切り
1,開示
1,開始
1,閉鎖
1,錯覚
1,錯綜
1,銘柄
1,銀行
1,鈍化
1,量販
1,量的
1,重松
1,醍醐味
1,部署
1,部下
1,邦題
1,邂逅
1,選抜
1,適切
1,道筋
1,道
1,過言
1,運用
1,運動
1,運
1,進行
1,進出
1,週間
1,週
1,途中
1,逆説
1,追い風
1,追加
1,近接
1,近年
1,軽減
1,転進
1,転用
1,軍拡
1,軍
1,軌跡
1,車
1,身近
1,路
1,足
1,超
1,赴任
1,赤字
1,購買
1,質量
1,資料
1,費用
1,買収
1,販売
1,譲歩
1,謳歌
1,説得
1,誤り
1,誠意
1,語り
1,誘発
1,誇張
1,誇り
1,試算
1,評判
1,詐欺
1,証明
1,証券
1,診断
1,設定
1,記号
1,訓練
1,言い方
1,ひと言
1,視覚
1,視
1,規制
1,見聞
1,見取り図
1,要請
1,裏方
1,裏付け
1,裏
1,装置
1,裁判官
1,表面
1,表裏一体
1,融通
1,蓄積
1,著者
1,著書
1,英語
1,苦痛
1,苦労
1,苦しみ
1,若者
1,若年
1,舵
1,興国
1,至急
1,自賛
1,自画
1,自殺
1,自慢
1,自宅
1,自力
1,自
1,臨機応変
1,膨大
1,腑
1,脅威
1,肥大
1,職業
1,考慮
1,習熟
1,義理
1,義務
1,美徳
1,罪悪
1,缶
1,繭
1,縮小
1,緻密
1,緩やか
1,編
1,緊密
1,綿密
1,維持
1,絶頂
1,絶滅
1,絶望
1,絵の具
1,統一
1,結局
1,結び
1,経験
1,絆
1,組み換え
1,組み
1,細心
1,紙
1,純粋
1,紐
1,紀伊國屋書店
1,系統
1,精力
1,算出
1,答
1,笑み
1,章
1,立派
1,突入
1,究極
1,稼働
1,種類
1,種
1,稀少
1,稀代
1,秩序
1,科
1,福祉
1,神様
1,神奈川
1,神
1,祖父
1,社内
1,磨き
1,確率
1,確信
1,確か
1,知識
1,矛盾
1,真面目
1,相違
1,相当
1,直接的
1,直属
1,目的
1,的確
1,百
1,登場
1,発見
1,発想
1,症状
1,疲弊
1,番目
1,略奪
1,畏敬
1,画家
1,男性
1,用意
1,用品
1,生き残り
1,率
1,獲得
1,献身
1,独特
1,独占
1,狙い
1,狂気
1,狂人
1,状態
1,犯罪
1,特殊
1,特徴
1,特別
1,特
1,熱意
1,焼け野原
1,無料
1,無効
1,無作為
1,激変
1,激化
1,潮目
1,準
1,源
1,満点
1,温泉
1,渋滞
1,清掃
1,混迷
1,混同
1,混乱
1,深夜
1,深化
1,淘汰
1,海
1,浩
1,流通
1,流動
1,派
1,注文
1,波
1,油絵
1,気持ち
1,やる気
1,毎週
1,毎号
1,母親
1,母国
1,歳
1,歩
1,正確
1,正史
1,歌川
1,次回
1,次号
1,欠陥
1,欠如
1,権威
1,権
1,模写
1,標的
1,標準
1,概観
1,楽天
1,業態
1,業務
1,検討
1,検索
1,植林
1,棋士
1,案内
1,根絶
1,根源
1,株主
1,枚
1,東西
1,東京工業大学
1,東京大学
1,材
1,本当
1,未
1,木
1,有益
1,有利
1,月次
1,月曜日
1,最終
1,最後
1,最小
1,最中
1,曖昧
1,暴力
1,暗黙
1,暗雲
1,普通
1,普段
1,早期
1,旧来
1,日次
1,日本語
1,日本経済新聞
1,日々
1,既製
1,旅館
1,施策
1,方程式
1,新設
1,新着
1,断絶
1,文献
1,文書
1,文化
1,整理
1,整合
1,教え
1,救助
1,改革
1,改正
1,支援
1,換言
1,提唱
1,描写
1,推進
1,探索
1,採用
1,指針
1,拡散
1,拡張
1,拡大
1,拠点
1,担当
1,抽象
1,抽出
1,抵抗
1,抗議
1,技法
1,批判
1,打撃
1,才
1,手遅れ
1,所見
1,戦死
1,戦後
1,我慢
1,成熟
1,成否
1,成人
1,憎しみ
1,憂慮
1,想い
1,悲劇
1,悲しみ
1,悩み
1,恰好
1,恒常
1,恐慌
1,性質
1,性能
1,急進
1,急
1,思い込み
1,思想家
1,怒り
1,念
1,忠誠
1,心配
1,心
1,徹底
1,徳島
1,循環
1,従事
1,後者
1,後手
1,後半
1,彼
1,役職
1,形態
1,当選
1,当社
1,当たり前
1,当初
1,当
1,強迫
1,強調
1,強化
1,強力
1,弱み
1,弟
1,引用
1,弁
1,建物
1,度外視
1,店
1,広重
1,広範
1,広大
1,幸い
1,幸
1,年次
1,年数
1,年度
1,年功
1,平等
1,平易
1,常識
1,常設
1,希望
1,市
1,巻頭
1,巨大
1,工業
1,工学部
1,工夫
1,巣窟
1,州
1,川崎
1,岸本
1,山崎
1,山
1,展示
1,屋
1,届け
1,尽力
1,少子
1,小細工
1,小
1,導入
1,対策
1,対立
1,対照
1,対抗
1,寄稿
1,寄与
1,寄せ
1,容姿
1,宮城
1,宣伝
1,客観
1,客
1,実業
1,実態
1,実地
1,実
1,定着
1,定期
1,完全
1,完了
1,安泰
1,安定
1,安全
1,安値
1,学長
1,学賞
1,学生
1,孤独
1,存続
1,子孫
1,媒介
1,威勢
1,威
1,委員
1,妻
1,好評
1,好
1,女性
1,女川
1,契機
1,奇抜
1,夫
1,太古
1,大輔
1,大統領
1,大方
1,大幅
1,大家
1,大学院生
1,オックスフォード大学
1,大坪
1,大国
1,大前提
1,大切
1,大げさ
1,多義
1,多用
1,多
1,外国
1,外
1,夕立
1,変身
1,変容
1,売り上げ
1,声
1,士官
1,壁
1,増築
1,増大
1,境目
1,境界
1,境
1,堺
1,場当たり
1,堀川
1,基盤
1,地面
1,地理
1,地位
1,地
1,在職
1,圧倒
1,土壌
1,土台
1,国家
1,国外
1,わが国
1,固定
1,図表
1,図書館
1,困窮
1,因果
1,回避
1,回数
1,四角四面
1,嘱望
1,営業
1,喫緊
1,喜び
1,商
1,品質
1,和彦
1,味方
1,吟味
1,名称
1,同氏
1,同感
1,同志
1,同床異夢
1,合戦
1,各自
1,各地
1,各国
1,台頭
1,台本
1,受賞
1,受給
1,受益
1,取捨選択
1,取引
1,やり取り
1,収集
1,収束
1,反映
1,反対
1,友人
1,友だち
1,去年
1,原文
1,原動力
1,即座
1,危険
1,印象
1,博
1,単純
1,単体
1,南北戦争
1,協
1,半信半疑
1,十
1,医薬
1,医師
1,医
1,勝負
1,勝利
1,動的
1,効能
1,効率
1,労使
1,助長
1,加
1,創業
1,創成
1,割高
1,割合
1,割
1,副作用
1,前面
1,前述
1,前者
1,前回
1,前向き
1,前半
1,削減
1,刺激
1,制作
1,利害
1,利便
1,判明
1,列強
1,刊行
1,切実
1,切り取り
1,分の
1,出身
1,出版
1,出席
1,出向
1,処方箋
1,冷静
1,冷戦
1,冨山
1,写真
1,再会
1,円滑
1,内面
1,内装
1,全部
1,全
1,入社
1,入学
1,光
1,先送り
1,先述
1,先端
1,充実
1,元
1,優遇
1,儀式
1,働
1,傘
1,傑出
1,偽造
1,側
1,健全
1,停滞
1,候補
1,個性
1,個別
1,個々人
1,個々
1,保険
1,侵害
1,例証
1,例外
1,使い
1,作成
1,作家
1,体系
1,体感
1,低迷
1,低下
1,お伝え
1,会議
1,会話
1,任
1,仲間
1,仮説
1,仮想
1,以来
1,以内
1,代価
1,代
1,付着
1,他国
1,その他
1,仕組み
1,仕立
1,仕様
1,介入
1,人種
1,人為
1,人気
1,人手
1,亮
1,交易
1,五
1,互い
1,二の足
1,二つ
1,事柄
1,予実
1,予定
1,予備
1,主従
1,主張
1,主力
1,主催
1,主
1,丹念
1,中頃
1,中間
1,中長期
1,中途
1,中略
1,中期
1,中断
1,両面
1,両立
1,両方
1,世の中
1,この世
1,不連続
1,不良
1,不祥事
1,不確か
1,不満
1,不正
1,不安
1,不在
1,不可能
1,不動
1,不利益
1,不全
1,下位
1,上記
1,丁目
1,一連
1,一覧
1,一見
1,一緒
1,一橋大学
1,一律
1,一団
1,一因
1,一員
1,一体
1,your
1,yield
1,yet
1,yen
1,wrestling
1,worthy
1,worth
1,worldwide
1,works
1,workforces
1,workforce
1,without
1,wish
1,wisdom
1,wiped
1,winners
1,wielded
1,why
1,whom
1,Who
1,white
1,wherever
1,Where
1,What
1,West
1,watershed
1,wasteful
1,war
1,Want
1,wages
1,wage
1,volume
1,volatile
1,visible
1,virtually
1,ve
1,varieties
1,varied
1,utilized
1,utilize
1,utilises
1,used
1,use
1,urgently
1,upside
1,Unlike
1,unlike
1,unknown
1,unknowable
1,University
1,Unions
1,underway
1,understood
1,underpin
1,undergoing
1,Under
1,unconventional
1,unchanged
1,unbalanced
1,ubiquitous
1,types
1,type
1,TWO
1,twenty
1,turnover
1,turn
1,tricky
1,trends
1,trend
1,tremendous
1,travel
1,transition
1,transformers
1,transformative
1,transferred
1,transfer
1,Traditionally
1,Trade
1,trade
1,total
1,too
1,times
1,tied
1,throwing
1,thought
1,things
1,thing
1,Therefore
1,therefore
1,then
1,themselves
1,them
1,termed
1,Tenure
1,tenure
1,temporary
1,temporally
1,Technologies
1,Technological
1,Technical
1,team
1,taste
1,Targets
1,target
1,tangible
1,tailor
1,tactical
1,tacit
1,switch
1,sustains
1,survive
1,surplus
1,support
1,supervision
1,summed
1,suite
1,suggests
1,sufficient
1,Succeeding
1,succeed
1,style
1,study
1,struggling
1,structures
1,structured
1,strive
1,strict
1,Stretch
1,stretch
1,strategizing
1,STORE
1,Store
1,steer
1,steadily
1,state
1,started
1,start
1,stark
1,standardize
1,stagnation
1,stage
1,stability
1,spinex
1,spent
1,speed
1,specific
1,species
1,specialists
1,specialist
1,specialisms
1,speak
1,space
1,sources
1,soon
1,Someone
1,solve
1,solution
1,solely
1,software
1,so
1,situation
1,Sit
1,since
1,simultaneously
1,simultaneous
1,simple
1,Similarly
1,similar
1,significantly
1,significant
1,shorter
1,shifting
1,shift
1,Sharp
1,sharing
1,serving
1,servers
1,served
1,separated
1,selflessness
1,selected
1,segmentation
1,seem
1,seeking
1,seek
1,see
1,security
1,Securing
1,securing
1,secured
1,secure
1,seconds
1,search
1,scholars
1,scene
1,scenarios
1,scale
1,say
1,SAP
1,Sales
1,said
1,sabbaticals
1,routinely
1,rotations
1,rotation
1,room
1,robotics
1,rivals
1,rival
1,risky
1,risk
1,rewarding
1,reward
1,Revolution
1,revolution
1,reviewing
1,revealed
1,returns
1,retail
1,restructurings
1,restructuring
1,responsibilities
1,responding
1,respective
1,residing
1,reshaping
1,resemble
1,requirement
1,representatives
1,represent
1,renovation
1,renovate
1,remove
1,remits
1,remains
1,remained
1,reliable
1,relevant
1,relatively
1,relationships
1,relationship
1,related
1,reinvigorate
1,reinvent
1,regardless
1,reform
1,reflects
1,reflected
1,refine
1,referred
1,refer
1,reevaluate
1,Redundancy
1,reduction
1,redesign
1,recruit
1,reconfigure
1,recombination
1,Recognition
1,recognition
1,recent
1,received
1,Reader
1,reach
1,Rather
1,rapidly
1,ranked
1,rank
1,radically
1,radical
1,quick
1,quantity
1,qualifications
1,puts
1,push
1,pursued
1,purposes
1,purely
1,purchase
1,provide
1,proven
1,protect
1,Prospective
1,proposed
1,prompted
1,Promotion
1,promoted
1,promote
1,prominent
1,projects
1,project
1,progressive
1,progress
1,programmed
1,profound
1,profitable
1,profitability
1,Productive
1,produced
1,processing
1,private
1,priorities
1,principle
1,principally
1,price
1,previously
1,prestigious
1,pressures
1,pressure
1,preference
1,predicts
1,predicted
1,predict
1,POWERS
1,post
1,possessing
1,possess
1,positively
1,positive
1,portfolios
1,policy
1,point
1,plc
1,Plaza
1,Play
1,placing
1,placements
1,philosophical
1,phases
1,perspective
1,personalised
1,permit
1,periods
1,Performing
1,performers
1,perceive
1,PeopleSoft
1,penetration
1,Pay
1,patterns
1,paths
1,path
1,particularly
1,participative
1,packaged
1,overall
1,Over
1,outputs
1,outperforming
1,outcome
1,Our
1,otherwise
1,others
1,oriented
1,organizations
1,Organization
1,Organisations
1,organic
1,ORG
1,orders
1,ordered
1,order
1,options
1,operator
1,operating
1,open
1,onwards
1,One
1,Often
1,offs
1,offerings
1,offer
1,OF
1,Of
1,occurs
1,occupy
1,object
1,numerous
1,number
1,norms
1,Nor
1,Nissan
1,nineties
1,Next
1,next
1,never
1,networked
1,Network
1,Neither
1,necessity
1,necessary
1,neat
1,near
1,navigate
1,nature
1,narrow
1,narrative
1,mythology
1,mutual
1,must
1,multiple
1,moves
1,Motors
1,motivation
1,monitoring
1,moment
1,modified
1,modern
1,models
1,model
1,mobilize
1,ml
1,mirroring
1,Minor
1,minimising
1,minds
1,Middle
1,microprocessors
1,methods
1,method
1,message
1,meritocratic
1,merit
1,mentality
1,Membership
1,mechanism
1,Measures
1,measures
1,maximizing
1,maximising
1,maximise
1,mature
1,maturation
1,marketing
1,Managing
1,managerial
1,makes
1,makers
1,make
1,majority
1,maintain
1,main
1,mail
1,Low
1,low
1,look
1,logic
1,locations
1,location
1,located
1,locate
1,line
1,like
1,leveraged
1,led
1,leaps
1,late
1,language
1,landscape
1,kobo
1,know
1,Kinoppy
1,kindle
1,Kaizen
1,joint
1,Jason
1,j
1,itself
1,issues
1,Is
1,involves
1,involve
1,invests
1,investments
1,invested
1,interpersonally
1,Internet
1,internationalization
1,Internal
1,interesting
1,interactions
1,intentionally
1,intensified
1,intelligent
1,intellectual
1,intellect
1,integrates
1,Integrate
1,integral
1,intangible
1,instead
1,instance
1,inspiration
1,insights
1,INS
1,inputs
1,input
1,inorganic
1,innovators
1,innovate
1,initiative
1,Information
1,informally
1,info
1,industry
1,Industrial
1,index
1,independently
1,incremental
1,Increasingly
1,increased
1,increase
1,incorporation
1,Inclusion
1,incentivized
1,incentivised
1,incentive
1,improvement
1,improve
1,implementing
1,implementation
1,impersonal
1,immediate
1,IGPI
1,If
1,idiosyncratic
1,https
1,htm
1,however
1,house
1,horizontal
1,honto
1,hon
1,Holdings
1,holder
1,hitting
1,hitherto
1,hit
1,historical
1,hires
1,Highly
1,High
1,hierarchically
1,here
1,help
1,heavily
1,Having
1,having
1,harnessing
1,harder
1,half
1,guidelines
1,guide
1,growing
1,groupthink
1,groups
1,greatly
1,greatest
1,greater
1,gradually
1,gradual
1,grades
1,government
1,governed
1,Google
1,goods
1,good
1,going
1,goals
1,goal
1,gleaning
1,gleaned
1,given
1,generate
1,general
1,geared
1,GE
1,gates
1,gap
1,GALAPAGOS
1,Furthermore
1,Further
1,funds
1,fundamentals
1,fundamentally
1,functionality
1,fun
1,fully
1,full
1,fuel
1,frequently
1,freelance
1,free
1,fourth
1,four
1,fostered
1,forums
1,formulaic
1,formula
1,formally
1,formalised
1,Formal
1,forces
1,focusing
1,fluctuating
1,flows
1,floor
1,flexing
1,flexibly
1,fish
1,firstly
1,finding
1,Find
1,find
1,fifties
1,fifteen
1,fewer
1,Few
1,February
1,feature
1,FAX
1,father
1,far
1,faith
1,factory
1,facing
1,facilities
1,facilitates
1,facilitate
1,faced
1,face
1,extends
1,extended
1,express
1,exporting
1,exploring
1,explicitly
1,experienced
1,expect
1,expansion
1,existing
1,exist
1,exhibit
1,execution
1,exchange
1,everybody
1,Even
1,Evaluation
1,evaluation
1,European
1,Especially
1,escalation
1,eroded
1,equivalent
1,equitable
1,equipped
1,equip
1,equates
1,equally
1,Enterprise
1,enhancing
1,engineering
1,engaging
1,engages
1,engaged
1,ended
1,Encouraging
1,encouraged
1,enabled
1,enable
1,emulation
1,emulated
1,empowerment
1,empowered
1,employing
1,employer
1,emphasises
1,emphasised
1,emphasise
1,else
1,elements
1,element
1,electronics
1,either
1,egalitarian
1,efficient
1,educational
1,Ecosystem
1,economically
1,economic
1,easy
1,early
1,E
1,dysfunctions
1,Dylan
1,drivers
1,drive
1,draw
1,done
1,don
1,does
1,Diversity
1,distribution
1,disruption
1,dispersed
1,directions
1,directed
1,diminishing
1,Digital
1,digital
1,digest
1,differentiation
1,differentiated
1,DHBR
1,device
1,developmentally
1,Developing
1,determines
1,determined
1,destructive
1,Desirable
1,desirable
1,designers
1,design
1,descriptions
1,described
1,derived
1,depends
1,dependent
1,departure
1,departments
1,demonstrated
1,demanded
1,delicate
1,delegated
1,dedicated
1,deconstruction
1,decline
1,deal
1,dated
1,database
1,D
1,cycles
1,cuts
1,Customer
1,curve
1,currently
1,current
1,Cultural
1,cultivating
1,crowd
1,cross
1,creative
1,creates
1,course
1,counterproductive
1,counterparts
1,counterfactual
1,counter
1,cost
1,Corsello
1,corporations
1,Corporate
1,Corp
1,convert
1,conversations
1,control
1,contributions
1,contributed
1,contrary
1,continuous
1,consume
1,consulting
1,constraints
1,constantly
1,considerably
1,Consider
1,consequences
1,connectivity
1,Connected
1,configure
1,conduct
1,conditions
1,concepts
1,concentrated
1,conceive
1,Computing
1,complicated
1,completely
1,Competitors
1,competency
1,competencies
1,comparisons
1,Companies
1,Communities
1,communicated
1,common
1,commercial
1,coming
1,combining
1,combines
1,collectively
1,collect
1,colleagues
1,collar
1,Collaborative
1,cognitive
1,codes
1,coded
1,coaching
1,CNBC
1,clients
1,clearly
1,clarity
1,circles
1,cherished
1,characteristics
1,channels
1,channel
1,changes
1,changeable
1,challenges
1,challenged
1,chain
1,central
1,cause
1,categories
1,catastrophic
1,casual
1,cases
1,capacity
1,cannot
1,came
1,call
1,C
1,buyers
1,But
1,bulk
1,built
1,build
1,bubble
1,broad
1,bring
1,bred
1,Both
1,boss
1,bonuses
1,bodies
1,board
1,blossom
1,big
1,bias
1,Beyond
1,beyond
1,better
1,BEST
1,benchmarking
1,believed
1,behind
1,before
1,becoming
1,becomes
1,Be
1,battlefield
1,basic
1,barriers
1,bargaining
1,bankruptcy
1,balancing
1,avoid
1,autonomously
1,autonomous
1,automated
1,authority
1,attributes
1,attention
1,atmosphere
1,astronomical
1,assume
1,association
1,associated
1,asset
1,assessment
1,assess
1,aspects
1,aspect
1,art
1,areas
1,area
1,architects
1,approximately
1,approaches
1,appreciation
1,appraisal
1,applies
1,applications
1,appetite
1,anywhere
1,analyse
1,Amidst
1,alternative
1,already
1,almost
1,allowed
1,allocation
1,alignment
1,albeit
1,aka
1,Airlines
1,AI
1,again
1,after
1,Africa
1,affordable
1,advantage
1,advancement
1,advanced
1,adopted
1,adopt
1,adapting
1,activity
1,activities
1,actively
1,Active
1,acted
1,act
1,acquiring
1,acquired
1,acknowledge
1,achievements
1,achievable
1,accredited
1,accounting
1,accordance
1,Accord
1,access
1,accelerated
1,absence
1,above
1,abandoned
1,9522
1,8600
1,8585
1,80
1,76
1,72
1,70
1,548
1,52
1,51
1,500
1,4848
1,4841
1,4840
1,4826
1,4823
1,4822
1,4820
1,4815
1,4811
1,4807
1,4806
1,4705
1,4701
1,4656
1,4649
1,4586
1,4564
1,4370
1,400
1,34
1,3000
1,28
1,27
1,212
1,2015
1,2009
1,2004
1,2003
1,2001
1,1991
1,1990
1,1986
1,1985
1,1980
1,1973
1,1970
1,1950
1,1930
1,1800
1,180
1,18
1,16
1,150
1,044
1,000
1,ビジネスリーダーズ・フォー・ミシガン
1,デジタルトランスフォーメーション
1,コーナーストーン・オンデマンド
1,+
1,&
1,@
1,]。
1,)[
1,’,
1,;
1,_
