700,スマート
431,インド
419,米国
383,by
348,ローカライズ
336,ユビキタス
303,ラテンアメリカ
269,MIT
260,ハー
143,中国
108,Jamie
79,メディアワークス
75,米
68,日本
57,The
54,Will
53,VR
51,自社
44,英国
38,s
38,コンピューティング
34,ヤング・イノベーターズ
31,Tom
30,AI
26,Michael
26,CEO
25,Mike
25,iPhone
24,Bloomberg
22,民主党
20,シャオウェイ・シェン
19,FAA
19,com
18,Pokémon
18,FCC
17,マサチューセッツ工科大学
17,国連
17,Times
17,T
16,欧州
16,IBM
15,New
15,Google
15,EU
15,ARPA
15,ARM
14,Tesla
14,Technology
14,NHTSA
14,km
14,DARPA
14,AT
14,A
13,東京
13,全米
13,Rachel
13,m
13,D
12,IKEA
12,BMW
12,Antonio
12,フィナンシャル・タイムズ
11,共和党
11,Web
11,NSA
11,Nanette
11,GM
11,Elizabeth
11,クレブシエラ・ニューモニエ
10,航空局
10,エネルギー省
10,国防総省
10,RNA
10,Moment
10,Guardian
10,Gengo
10,CRISPR
9,Wall
9,Reuters
9,NIH
9,Journal
9,ISP
9,How
9,Galaxy
9,EPA
9,Echo
9,a
9,ウォール・ストリート・ジャーナル
8,上院
8,This
8,Richard
8,LED
8,James
8,CSO
8,Amazon
8,Alexa
7,運輸省
7,千代田
7,北京
7,Virtual
7,Twitter
7,Signe
7,Problem
7,NTSB
7,LinkedIn
7,Intel
7,EmTech
7,Emily
7,DNA
7,CDC
7,Bio
7,ビル・アンド・メリンダ・ゲイツ
6,潘
6,Wired
6,the
6,Siri
6,Science
6,Oculus
6,Nature
6,Mi
6,ISIS
6,IEEE
6,FDA
6,FAX
6,Dango
6,CO
6,CEPI
6,BBC
5,露
5,データ通信
5,トヨタ自動車
5,杉本
5,司法省
5,任天堂
5,中
5,YouTube
5,TRSF
5,t
5,SUV
5,Skype
5,No
5,NASA
5,Julia
5,iOS
5,FBI
5,b
5,Android
4,韓国
4,連合
4,東アジア
4,コロンビア大学
4,オックスフォード大学
4,大三島
4,スタンフォード大
4,基
4,固有名詞
4,北極
4,京
4,TRI
4,technologyreview
4,slow
4,Review
4,Peter
4,OS
4,Motherboard
4,JOBS
4,IoT
4,HTC
4,G
4,Financial
4,Emerging
4,Dyn
4,DNS
4,DDoS
4,David
4,CIA
4,CBS
4,Car
4,arXiv
4,AR
4,Andrew
3,ロイター通信
3,特許庁
3,河原
3,欧米
3,日光
3,富士通
3,合衆国
3,光起
3,下院
3,You
3,Woods
3,Wi
3,WaveNet
3,Vox
3,USAA
3,USA
3,Team
3,Six
3,Ryan
3,PG
3,Over
3,Optane
3,Now
3,NOAA
3,Muni
3,mRNA
3,Money
3,Japan
3,iTracker
3,is
3,Institute
3,HP
3,Facebook
3,Economist
3,e
3,DEF
3,Daydream
3,DAPRA
3,CNN
3,c
3,Ars
3,Apple
3,American
3,AMD
3,AACC
3,ロ
2,鞍山
2,イングランド銀行
2,車路
2,距
2,衆議院
2,移
2,瀬戸内海
2,武漢
2,正晃
2,日産自動車
2,日産
2,日
2,太平洋
2,塚田
2,商務省
2,南極
2,創
2,充
2,伊勢
2,Your
2,York
2,work
2,With
2,Windows
2,Why
2,While
2,What
2,VoteCastr
2,Visa
2,Verge
2,Vehicle
2,UBI
2,Uber
2,Trump
2,Toyota
2,that
2,TechCrunch
2,surprisingly
2,stunning
2,Street
2,STAT
2,Stacey
2,Spotify
2,Sorry
2,SMS
2,Simon
2,SF
2,Self
2,Scientific
2,San
2,Russ
2,Rubeus
2,RSS
2,Roku
2,Robots
2,Robot
2,Road
2,Reddit
2,Recode
2,Real
2,re
2,Race
2,Q
2,Pro
2,Power
2,Plants
2,PIN
2,Paris
2,one
2,NPO
2,name
2,My
2,Minuum
2,MasterCard
2,maintaining
2,localized
2,ll
2,Leap
2,Lazy
2,Konstantin
2,Karen
2,KADOKAWA
2,Jumpstart
2,jp
2,Jordan
2,Jobs
2,Jason
2,Innovators
2,Ingress
2,In
2,in
2,IDC
2,IAB
2,HTML
2,Hadoop
2,Guidelines
2,GPS
2,Go
2,Global
2,Gizmodo
2,for
2,F
2,EyeQ
2,ESPN
2,Eos
2,Energy
2,Emissions
2,Electrek
2,Editor
2,Drones
2,Dream
2,DNC
2,Divide
2,d
2,CrowdFlower
2,CRE
2,CPU
2,Companies
2,Commenting
2,Christina
2,Chief
2,Change
2,Carmakers
2,Can
2,Calexit
2,Business
2,Bump
2,Big
2,Basic
2,ASME
2,application
2,An
2,America
2,also
2,Alloy
2,ABB
2,カーボン・クリーン・ソリューション
1,韓
1,鈴森
1,遼寧
1,遠藤
1,達也
1,迪
1,越
1,財務省
1,西欧
1,ウォール街
1,英
1,義治
1,等
1,福島
1,石原
1,真樹
1,理化学研究所
1,潮見
1,港
1,清貴
1,浙江
1,ローマ法王
1,水道局
1,気象庁
1,毎日
1,正義
1,梅宮
1,柴田
1,東芝
1,東欧
1,東南アジア
1,東北
1,東京工業大学
1,最高裁
1,日経
1,日本経済新聞
1,放送大学
1,愛媛
1,張
1,巨人
1,富士山
1,安藤
1,始
1,天津
1,大西洋
1,プリンストン大学
1,エッフェル塔
1,国際医療福祉大学
1,台湾
1,南京
1,南アフリカ
1,北米
1,北海
1,北欧
1,北極圏
1,北半球
1,加
1,出
1,内水
1,内務省
1,マケドニア共和国
1,公
1,元幸
1,保安庁
1,会計検査院
1,伊藤
1,仙
1,今治
1,京都大
1,交通省
1,亜
1,中東
1,中央
1,中国電力
1,世田谷
1,上海
1,Zoox
1,Zoe
1,Zips
1,z
1,Yoochul
1,Yiting
1,Yard
1,Yahoo
1,XM
1,www
1,Woyke
1,Works
1,Worked
1,Work
1,WMC
1,Winning
1,WHO
1,White
1,Weep
1,webcreative
1,We
1,Waymo
1,Way
1,Wave
1,Washington
1,Warming
1,WallStreetJournal
1,Walk
1,W
1,VoIP
1,Vive
1,Vision
1,virtual
1,Victims
1,Verified
1,UX
1,Us
1,UN
1,UMTRI
1,UM
1,uk
1,UberPOOL
1,U
1,Tyler
1,Ty
1,TVA
1,TV
1,Turn
1,turn
1,Treasure
1,Tracy
1,tracy
1,top
1,To
1,Tinder
1,Threshold
1,Three
1,Think
1,Things
1,These
1,these
1,There
1,Their
1,That
1,Texas
1,Terms
1,Ten
1,Technologies
1,Technical
1,Tech
1,Taxis
1,Tax
1,Tango
1,Supercomputer
1,Supercharged
1,Sun
1,SuitＸ
1,Suit
1,Stupidity
1,Stunts
1,Stripe
1,Stores
1,Steve
1,start
1,StarCraft
1,SSL
1,SRI
1,Space
1,Soon
1,Song
1,some
1,solar
1,Snapchat
1,SMI
1,Small
1,Slack
1,Silicon
1,Sie
1,Shrinking
1,Shows
1,shoulderX
1,SHA
1,Service
1,securities
1,SD
1,Scott
1,Scientists
1,SCID
1,SCE
1,Saving
1,Sarah
1,Salesmen
1,Safely
1,Safari
1,S
1,Rush
1,RTCA
1,Rotman
1,Ropes
1,roof
1,Robert
1,Rob
1,rob
1,RISUG
1,Risk
1,Rift
1,Restaurants
1,Replay
1,regulation
1,Redline
1,Rebooting
1,Reality
1,RAM
1,R
1,QuTech
1,QuickDraw
1,Quick
1,Quartz
1,PwC
1,Publisher
1,Public
1,PSC
1,ProPublica
1,promoting
1,promote
1,Profit
1,Product
1,Processing
1,Proceed
1,Problems
1,Private
1,Privacy
1,Prime
1,President
1,Post
1,Pontin
1,Politico
1,PO
1,PMMoV
1,Plus
1,Plug
1,Pizza
1,Pixel
1,Pigs
1,pic
1,photosynthetic
1,Photos
1,Phoenix
1,Phillipe
1,philippe
1,Personal
1,Perdix
1,Pelletier
1,Peaked
1,Peabody
1,PDF
1,PCI
1,PC
1,Paytm
1,Paying
1,Pay
1,Paul
1,partridge
1,PARC
1,Packard
1,P
1,p
1,Out
1,Otherlab
1,or
1,onThisBatteryBreakthrough
1,Online
1,One
1,OK
1,Officer
1,Ocean
1,Obsolete
1,Nuclear
1,NSO
1,NSC
1,Not
1,non
1,NIST
1,Nissan
1,NIMBY
1,Nightmare
1,Nick
1,Nicholas
1,NextShift
1,Neutrality
1,Netflix
1,NBC
1,Navdy
1,Much
1,MS
1,MPA
1,Motorized
1,Moore
1,Months
1,Monsanto
1,Modular
1,MITTR
1,mission
1,Miso
1,mirai
1,Mila
1,Microsoft
1,Methbot
1,Metamaterial
1,MERS
1,Meet
1,Me
1,MCity
1,Mayhem
1,MAX
1,Maureen
1,maureen
1,maintain
1,Magnify
1,Magic
1,Machine
1,M
1,Lyft
1,Losing
1,Los
1,Locus
1,Locally
1,LinkNYC
1,Lightning
1,Light
1,Life
1,LIDER
1,LIDAR
1,legX
1,LeEco
1,Last
1,L
1,kWh
1,Kuri
1,kg
1,Kennedy
1,Ken
1,ken
1,Katherine
1,Julie
1,julie
1,jmartin
1,Jima
1,JIAA
1,Jia
1,Jennifer
1,Jeeves
1,jason
1,james
1,IVF
1,Itself
1,It
1,Issue
1,Is
1,iPad
1,IP
1,iOsKeaeXkb
1,Inverse
1,Into
1,Interfaces
1,Instagram
1,Insider
1,Inside
1,info
1,Inequality
1,Industry
1,India
1,image
1,IFTTT
1,ICARUS
1,I
1,https
1,House
1,Hololens
1,Holographic
1,HoloEyes
1,Holding
1,Hof
1,Hillary
1,High
1,Hewlett
1,Hemisphere
1,he
1,Have
1,Hatabe
1,HapticWave
1,Handle
1,Hackers
1,Hacked
1,Hackable
1,Gynophage
1,Gross
1,Grid
1,Government
1,GMO
1,Gmail
1,Globe
1,Glenn
1,Glasses
1,Glass
1,glacier
1,gives
1,George
1,Geoengineering
1,GazeCapture
1,GAO
1,Games
1,g
1,Fun
1,FSB
1,Freedman
1,Fred
1,Fox
1,Foundations
1,Forever
1,forever
1,Forest
1,Foray
1,ForAllSecure
1,Food
1,Floor
1,Flippy
1,Fighting
1,Field
1,Faraday
1,FAQ
1,fairly
1,Experiments
1,Executive
1,ETI
1,Ethris
1,Ethics
1,Enough
1,Engineering
1,EnChroma
1,Emotions
1,Emilio
1,Elmaleh
1,Electric
1,Elections
1,Election
1,Editors
1,Economic
1,EC
1,Eater
1,E
1,DVD
1,DuEr
1,Drives
1,Drivers
1,Driverless
1,dressed
1,Dresden
1,Dreams
1,Download
1,Donald
1,Does
1,DoD
1,DIY
1,DIUx
1,DirecTV
1,DirectTV
1,Diez
1,Diesel
1,Devices
1,Development
1,DeepMind
1,Debate
1,de
1,DC
1,DBI
1,Day
1,Danbury
1,Daily
1,Cyber
1,customer
1,Curbed
1,CTO
1,CTF
1,CT
1,CSS
1,CryptoDrop
1,Crowley
1,criticized
1,Coyle
1,Could
1,could
1,Cory
1,contains
1,Contact
1,conference
1,Company
1,Commuting
1,Columbia
1,Cold
1,Coalition
1,Coal
1,cm
1,Clive
1,Clinical
1,Climate
1,Chronicle
1,Chrome
1,Chips
1,Chip
1,child
1,Chatty
1,Charles
1,Charade
1,Chaos
1,CES
1,Centers
1,cbullards
1,cat
1,Cars
1,CarPlay
1,Cardboard
1,Carbon
1,Capture
1,CanGMGofromVolttoBolt
1,Cambridge
1,CaliBurger
1,CAFE
1,Cafe
1,BYD
1,BuzzFeed
1,Buzzfeed
1,Budget
1,budget
1,BTC
1,Bruce
1,Brochure
1,Brian
1,Brexit
1,Brain
1,Boston
1,Bluetooth
1,Bjarke
1,Bitcoin
1,Binge
1,BIG
1,Better
1,Bergstein
1,Benefits
1,BeeHex
1,BCI
1,Battle
1,Batteries
1,BASIC
1,Barry
1,barry
1,Bargain
1,backX
1,Back
1,B
1,Azure
1,Ayako
1,Axios
1,Avenue
1,Autopilot
1,Autonomy
1,Autoblog
1,August
1,Augumented
1,ATM
1,Association
1,Assistant
1,As
1,Arvada
1,Aquion
1,AP
1,Anthony
1,Anett
1,AnandTech
1,Ambri
1,AMA
1,ALUM
1,AlphaGo
1,Air
1,Aids
1,aho
1,Agile
1,after
1,AES
1,AEB
1,Advisor
1,Advanced
1,Additive
1,Adam
1,Activity
1,Act
1,Accord
1,Access
1,ベーシック・アンド・クリニカル・アンドロロジー
1,ブレイクスルー・エネジー・ベンチャー
1,リアクティブ・テクノロジーズ
