9116,コメント
7505,さま
7408,サイト
4204,-
3750,.
3485,ブラウザー
3208,テクノロジー
3035,/
2853,の
2299,ニュースレター
1302,://
1297,www
1297,https
1289,technologyreview
1284,jp
1277,'
1274,URL
1273,{'
1273,':
1211,的
1209,者
1063,/'}
986,研究
832,年
811,メディアワークス
774,_
693,人
618,化
615,企業
595,米国
580,性
532,人間
523,利用
521,*
514,s
504,by
489,MIT
484,g
483,学習
470,ソーシャルメディア
461,2016
449,開発
441,VR
436,カナン・パートナーズ
415,可能
407,1
406,=
367,必要
363,何
363,世界
363,2
360,場合
351,中
343,接続
340,wcm
340,redirect
338,10
332,3
331,用
330,万
328,to
324,時間
324,数
322,多く
319,AI
317,問題
315,情報
310,記事
308,人工
302,月
299,自動
298,製造
296,機械
290,,
287,運転
286,the
281,方法
276,発表
270,自動車
267,知能
262,他
259,現在
254,州
246,手法
246,大学
246,インフォグラフィックス
245,Technology
244,製品
242,員
235,計画
234,日
234,教授
233,型
231,現実
230,機能
227,以上
223,間
217,私
213,Review
210,提供
210,CEO
210,'}
210,/?
209,id
207,中国
205,&
204,上
201,家
201,大統領
197,配信
195,治療
192,内
189,規約
189,画像
187,事業
186,関連
184,新
182,分野
181,お知らせ
181,政府
181,投資
178,電話
178,量
177,販売
177,会社
175,気候
173,profile
173,insider
172,a
171,影響
171,post
170,発電
169,機器
168,実験
167,実現
167,億
166,車
166,編集
165,変動
162,経済
162,技術
162,大
162,5
159,認識
156,一般
153,D
151,今
150,自律
150,医療
150,12
148,重要
148,攻撃
148,仕事
147,最近
147,力
146,等
146,科学
145,版
144,患者
143,自分
142,2017
141,従来
141,工場
140,規制
139,遺伝子
139,設計
138,of
137,電力
137,結果
137,太陽光
135,専門
135,向け
134,フィリップ・ローズデール
133,電気
133,4
131,処理
130,細胞
130,前
129,環境
129,業界
129,後
128,選挙
128,,”
127,場所
126,移植
124,効率
123,理解
123,一部
122,米
122,Jamie
122,Condliffe
121,業
121,政権
121,同様
120,試験
120,操作
118,消費
118,映画
117,author
116,電子
116,調査
116,系
116,今後
115,量子
115,政治
114,部
114,点
114,機
114,安全
113,誰
113,製
113,特定
113,携帯
113,広告
113,使用
112,時
112,明らか
112,政策
112,実用
112,価値
111,翻訳
110,状況
109,規模
109,別
108,非常
108,目
108,実質
108,商品
108,共同
107,地域
107,削減
107,分
106,簡単
105,説明
104,成功
102,社会
101,研究所
101,最初
101,国
100,紙
100,作業
99,通信
99,手
98,法
98,効果
98,全体
98,価格
98,Web
97,記録
96,産業
96,一
96,6
95,生産
95,構築
95,家庭
94,7
94,11
93,解決
93,以前
93,人々
92,先
92,保護
92,予定
92,20
91,訓練
91,所
91,市場
90,課題
90,脳
90,深層
90,学
89,顧客
89,設置
89,最大
89,普及
89,日本
89,担当
89,投票
88,水
88,改善
88,初
88,候補
87,労働
87,ノーウェスト・ベンチャーズ
86,都市
86,資金
86,新た
86,排出
86,動作
85,音声
85,自社
85,社長
85,目標
85,元
85,予測
85,for
84,宇宙
83,自身
83,映像
83,意味
83,委員
83,個人
82,採用
82,完全
82,培養
82,制度
82,再生
82,:
81,配達
81,能力
81,局
81,分析
81,共通
80,複雑
80,検索
80,巨大
80,and
80,8
79,電池
79,表示
79,空間
79,創業
79,09
78,昨年
78,戦争
78,写真
78,体験
77,網
77,成長
77,年間
76,状態
76,活動
76,段階
76,女性
75,障害
75,言語
75,正確
75,本
75,未来
75,方
75,台
75,in
74,責任
74,装置
74,組織
74,捜査
74,変化
74,今年
73,明確
73,存在
73,大幅
73,参照
73,以下
73,二酸化炭素
72,高速
72,管理
72,知識
71,関係
71,機関
71,度
71,品
71,制御
71,位置
71,会
71,2015
70,露
70,進歩
70,購入
70,犯罪
70,工学
70,今回
70,予算
69,顔
69,近く
69,評価
69,行動
69,発見
69,理由
69,国内
69,信号
68,精度
68,最新
68,副
67,物
67,公開
67,主張
67,The
66,部分
66,連邦
66,監視
66,発生
66,画面
66,将来
65,通常
65,種
65,移動
65,確認
65,手段
65,地球
65,向上
65,30
64,設定
64,言葉
64,強化
64,子会社
64,取引
64,原因
64,作成
63,非
63,最高
63,地
63,免疫
62,飛行
62,速度
62,動き
62,is
61,開催
61,詳細
61,源
61,小型
61,単純
61,判断
61,100
61,07
60,長
60,道路
60,議論
60,男性
60,最終
60,対象
60,内容
60,中止
59,誌
59,率
59,活用
59,地図
59,光
59,08
58,百
58,本社
58,掲載
57,話
57,自然
56,雇用
56,送電
56,追跡
56,視覚
56,範囲
56,注目
56,拡張
56,国家
56,件
56,以外
56,T
56,IBM
56,DNA
56,9
56,200
56,ブレークスルー・テクノロジー
55,拡大
55,子ども
55,十分
55,医学
55,世界中
55,一方
55,01
54,領域
54,衛星
54,無線
54,次
54,支援
54,支持
54,撮影
54,手術
54,以内
53,費用
53,種類
53,構想
53,検査
53,所有
53,お客
53,契約
53,供給
53,会議
52,目的
52,登場
52,検討
52,期待
52,戦略
52,工程
52,実施
52,大量
52,取材
52,収穫
52,参加
52,Wi
52,Fi
52,15
51,当局
51,報告
51,医師
51,初期
51,全て
51,Google
51,CRISPR
51,02
50,高度
50,配送
50,追加
50,買収
50,豊富
50,生物
50,搭載
50,性能
50,対応
50,基本
50,危険
49,除去
49,投入
49,形
49,室
49,司法
49,十
49,助教授
49,側面
49,人気
49,主
49,km
49,03
48,長官
48,遺伝
48,証明
48,模倣
48,検出
48,文化
48,従業
48,再
48,低
48,com
48,80
47,食料
47,送信
47,相手
47,最適
47,持続
47,その後
47,全
47,住宅
47,企画
47,事実
47,主義
47,E
46,開始
46,部門
46,部品
46,達成
46,車両
46,特徴
46,権
46,案
46,懸念
46,感
46,導入
46,夢
46,収集
46,准
46,iPhone
46,from
46,ai
46,2014
46,%
45,英語
45,考え
45,終了
45,監督
45,物理
45,無料
45,構造
45,庁
45,実行
45,回
45,同社
45,反応
45,制作
45,停止
45,Will
45,Tom
45,Simonite
45,21
45,グローバルイノベータズーアンダー
44,高
44,設立
44,英国
44,疑問
44,生成
44,時代
44,施設
44,指摘
44,当社
44,実証
44,学者
44,一定
44,NSA
44,FCC
43,計算
43,未
43,指
43,強力
43,姿勢
43,各
43,取得
43,単語
43,協力
43,動画
43,事故
43,with
43,25
42,起訴
42,社
42,発展
42,獲得
42,カ月
42,建設
42,展開
42,外
42,増加
42,否定
42,会話
42,on
41,違い
41,運営
41,走行
41,競争
41,登録
41,決定
41,次元
41,植物
41,有権者
41,応用
41,市
41,対処
41,変更
41,国連
41,18
41,ブレークスルー・テクノロジーズ
40,風力
40,関与
40,過去
40,試作
40,臓器
40,短縮
40,条約
40,教育
40,感覚
40,強み
40,差別
40,利益
40,共有
40,例
40,交通
40,t
40,Siri
40,Knight
40,2021
40,2013
39,食品
39,許可
39,策
39,注文
39,成果
39,復活
39,平均
39,寿命
39,初め
39,会員
39,不明
39,archive
39,2000
39,13
38,額
38,部位
38,質問
38,発売
38,業務
38,暗号
38,既存
38,対策
38,安価
38,健康
38,X
38,)
38,?
37,頂点
37,農業
37,議会
37,複数
37,膨大
37,羽
37,繁殖
37,経営
37,禁止
37,発言
37,病
37,生活
37,法律
37,書
37,文
37,層
37,大手
37,地位
37,古典
37,側
37,下
36,頭部
36,関心
36,間違い
36,通り
36,輸送
36,要求
36,独自
36,歳
36,最強
36,新型
36,料金
36,操縦
36,意図
36,反撃
36,制限
36,先週
36,倍
36,中心
36,Mike
36,ARPA
36,40
36,14
35,鶏
35,食用
35,論文
35,船
35,物体
35,無人
35,済み
35,派
35,校
35,提案
35,感染
35,信頼
35,予想
35,Weintraub
35,Karen
35,internet
35,50
34,鶏肉
34,骨
34,過程
34,臨床
34,肉牛
34,経験
34,確実
34,直接
34,病院
34,消
34,本命
34,拠出
34,打ち切り
34,想像
34,役割
34,引渡し
34,失敗
34,地産
34,国民
34,体
34,人物
34,Orcutt
34,New
34,FDA
34,are
34,A
34,29
33,補助
33,稼働
33,程度
33,病気
33,燃料
33,期間
33,方向
33,数学
33,投稿
33,マサチューセッツ工科大学
33,完成
33,商業
33,仕組み
33,AT
33,16
32,記者
32,表現
32,自宅
32,治験
32,比較
32,把握
32,急速
32,化学
32,分の
32,内蔵
32,代わり
32,IoT
32,e
32,19
31,際
31,資源
31,語
31,装着
31,血液
31,組み換え
31,競合
31,特別
31,文章
31,意見
31,官
31,変換
31,団体
31,同士
31,千
31,個
31,低下
31,その他
31,不要
31,will
31,PC
31,35
30,銀行
30,運用
30,軍
30,費
30,読者
30,脅威
30,独立
30,気
30,死亡
30,格差
30,批判
30,学生
30,分類
30,入力
30,充電
30,人類
30,that
29,革新
29,解析
29,自動的
29,職
29,維持
29,療法
29,炭素
29,民主
29,条件
29,旅行
29,方針
29,指示
29,承認
29,希望
29,場
29,基準
29,医薬品
29,区
29,勝利
29,人種
29,主要
29,不可能
29,Reilly
29,Michael
29,m
29,how
29,FAA
29,2012
29,(
28,面
28,適用
28,週間
28,超
28,統計
28,混乱
28,氏
28,材料
28,本物
28,更新
28,日常
28,改良
28,所長
28,役員
28,創造
28,内部
28,作物
28,人口
28,v
28,could
28,24
27,食べ物
27,金
27,買い物
27,識別
27,観客
27,街
27,行為
27,蚊
27,経由
27,確か
27,相当
27,用途
27,準備
27,権限
27,標準
27,報道
27,周囲
27,名前
27,名
27,医
27,仮想
27,代表
27,付き
27,your
27,AR
27,27
27,06
26,長期
26,連絡
26,証拠
26,視
26,見込み
26,石炭
26,民主党
26,機会
26,東京
26,有効
26,日本語
26,我々
26,年代
26,壁
26,商用
26,優先
26,修正
26,侵入
26,他社
26,二
26,new
26,5000
26,+
25,集中
25,適切
25,近年
25,薬
25,自ら
25,答え
25,税
25,神経
25,確保
25,最
25,当時
25,国防
25,困難
25,受信
25,取り組み
25,反対
25,判明
25,傾向
25,保障
25,watch
25,its
25,DARPA
25,28
25,23
25,@
24,魅力
24,音楽
24,金属
24,部長
24,警告
24,診断
24,設備
24,色
24,航空機
24,結晶
24,経路
24,直面
24,測定
24,減少
24,汚染
24,最先端
24,時計
24,拠点
24,心配
24,幹
24,場面
24,国際
24,回避
24,同
24,劇的
24,全国
24,先進
24,倫理
24,値
24,任務
24,今週
24,事件
24,予約
24,不安
24,this
24,2020
23,需要
23,限り
23,通貨
23,調整
23,緩和
23,約束
23,発明
23,末
23,最後
23,方式
23,やり方
23,干渉
23,宣伝
23,実
23,外科
23,営利
23,卵子
23,分散
23,公共
23,全米
23,個々
23,依存
23,以来
23,不
23,Wave
23,ISP
23,Emerging
23,arXiv
22,高性能
22,雑誌
22,重大
22,通知
22,転換
22,身
22,貨物
22,財団
22,話題
22,航空
22,紹介
22,端末
22,界
22,理論
22,注意
22,構成
22,改変
22,戦
22,感情
22,幹部
22,専用
22,変革
22,以降
22,中立
22,世代
22,上級
22,三
22,you
22,NRG
22,can
22,BMW
22,17
21,飛行機
21,風
21,頭
21,音
21,金融
21,選
21,誕生
21,試し
21,診療
21,要素
21,自由
21,脆弱
21,組み合わせ
21,石油
21,現場
21,深刻
21,民間
21,欠陥
21,概念
21,店
21,外国
21,回収
21,合成
21,各国
21,受精
21,単位
21,半導体
21,加速
21,出資
21,再現
21,偏向
21,作品
21,一番
21,youtube
21,Times
21,it
21,HTC
21,google
21,Bluetooth
21,about
21,500
20,高価
20,遮断
20,身体
20,距離
20,調達
20,記憶
20,規則
20,衝突
20,用意
20,無視
20,株式会社
20,枚
20,時点
20,時期
20,提携
20,想定
20,形成
20,客
20,売上
20,周辺
20,収入
20,先端
20,代
20,かく乱
20,主任
20,中央
20,help
20,FBI
20,EmTech
20,CSO
20,Bloomberg
20,26
20,2009
20,05
19,配車
19,部屋
19,通話
19,途上
19,透明
19,タンパク質
19,賃金
19,負担
19,要因
19,荷物
19,職員
19,考慮
19,皮膚
19,現時点
19,無
19,炉
19,料
19,推薦
19,拒否
19,技能
19,店舗
19,対戦
19,姿
19,大型
19,多数
19,執筆
19,地震
19,唯一
19,取締役
19,区別
19,努力
19,加工
19,円
19,交差点
19,上昇
19,Internet
19,has
19,DIUx
19,be
19,as
19,an
19,90
19,ユニバーシティ・カレッジ・ロンドン
18,高額
18,集団
18,限定
18,都
18,進行
18,進化
18,講演
18,触覚
18,解像度
18,装備
18,興味
18,自己
18,腫瘍
18,線
18,総
18,精子
18,社員
18,破壊
18,症
18,申請
18,物語
18,熱
18,法案
18,水準
18,業者
18,有名
18,有利
18,普通
18,料理
18,文書
18,提示
18,推進
18,推定
18,採取
18,急激
18,急
18,形態
18,当初
18,小規模
18,好み
18,夏
18,国立
18,募集
18,動物
18,創設
18,共和党
18,光合成
18,便利
18,作用
18,体内
18,代替
18,乗客
18,York
18,Pokémon
18,How
18,Galaxy
18,but
18,at
18,2011
18,1000
18,0
17,類似
17,限界
17,起業
17,貧困
17,貢献
17,視聴
17,職場
17,積極
17,移行
17,秘密
17,確信
17,着陸
17,相互
17,発光
17,理想
17,特許
17,波
17,法則
17,没入
17,歩行
17,様子
17,株式
17,未満
17,掃除
17,微生物
17,廃止
17,容疑
17,固定
17,反映
17,印刷
17,博士
17,住民
17,両方
17,不足
17,一連
17,vr
17,Signe
17,robot
17,reality
17,IKEA
17,drone
17,driving
17,Brewster
17,70
17,60
17,22
16,頻繁
16,関数
16,運動
16,解除
16,解釈
16,視線
16,被害
16,著者
16,腕
16,網膜
16,絵文字
16,競技
16,立場
16,社内
16,状
16,注入
16,検証
16,検知
16,根本
16,来年
16,期
16,月面
16,支配
16,支払い
16,建物
16,廃棄
16,学校
16,声
16,囲碁
16,品質
16,号
16,印象
16,助け
16,出版
16,具体
16,兆
16,個別
16,促進
16,世紀
16,virtual
16,up
16,Moment
16,kg
16,Is
16,GO
16,Could
16,Amazon
16,2010
15,革命
15,閉鎖
15,金額
15,遠隔
15,腎臓
15,編隊
15,節約
15,箱
15,秒間
15,登壇
15,発行
15,異常
15,番組
15,現代
15,狙い
15,永久
15,歴史
15,歩
15,次期
15,権利
15,業績
15,新設
15,挑戦
15,拡散
15,性的
15,得意
15,広範囲
15,宅配
15,学術
15,嫌がらせ
15,多様
15,基礎
15,器
15,同意
15,合意
15,合併
15,匿名
15,割合
15,剤
15,分離
15,公表
15,兆候
15,倉庫
15,保存
15,仕様
15,人材
15,人体
15,事態
15,Woyke
15,Virtual
15,Reality
15,Rachel
15,power
15,Nanette
15,Metz
15,make
15,learning
15,first
15,EV
15,Elizabeth
15,DDoS
15,cars
15,Byrnes
15,31
14,骨格
14,長年
14,道具
14,道
14,進展
14,逆
14,車線
14,足
14,赤
14,賞金
14,諸国
14,説得
14,規定
14,製作
14,補佐
14,総額
14,知事
14,エネルギー省
14,百科
14,症状
14,画期的
14,物質
14,無理
14,火力
14,法人
14,決済
14,毎年
14,模索
14,案内
14,株価
14,有用
14,有望
14,月額
14,曲
14,数カ月
14,採掘
14,指導
14,所得
14,恐れ
14,性質
14,式
14,工科
14,定義
14,定期
14,オックスフォード大学
14,大変
14,士
14,基盤
14,基地
14,地上
14,国防総省
14,口
14,原子
14,出来事
14,優勝
14,保証
14,保健
14,体外
14,交換
14,事典
14,主催
14,世論
14,一時
14,Vive
14,u
14,S
14,out
14,l
14,CTO
14,BBC
14,04
13,食事
13,頃
13,電波
13,重視
13,選考
13,選択
13,資格
13,財務
13,論争
13,計測
13,触媒
13,親
13,視界
13,衛生
13,苦労
13,胚
13,背景
13,肉
13,縮小
13,継続
13,統合
13,結局
13,素材
13,筋肉
13,知性
13,真
13,省
13,盲学校
13,疾患
13,番号
13,現状
13,特殊
13,物流
13,無駄
13,潜在
13,温暖
13,気持ち
13,正社員
13,格子
13,有料
13,最悪
13,施行
13,文字
13,損失
13,振動
13,指針
13,指標
13,惑星
13,思考
13,当たり
13,弁護士
13,幅
13,差
13,州立
13,就任
13,対称
13,実装
13,夜
13,報酬
13,基
13,カ国
13,回路
13,回答
13,器具
13,営業
13,問い合わせ
13,周波数
13,同等
13,各社
13,参入
13,原則
13,協定
13,半
13,千代田
13,加入
13,入手
13,光ファイバー
13,保険
13,体制
13,伝送
13,伝統
13,介入
13,両社
13,上限
13,YouTube
13,technology
13,Oculus
13,Note
13,more
13,ISIS
13,iOS
13,F
13,d
13,CAR
13,Android
13,300
13,2030
12,面倒
12,開示
12,選択肢
12,適応
12,農家
12,赤ちゃん
12,論
12,許諾
12,言及
12,解雇
12,解明
12,見解
12,表明
12,著作
12,自体
12,耳
12,群
12,繊維
12,緑
12,緊急
12,確定
12,真剣
12,発揮
12,現象
12,現
12,法的
12,毎日
12,母親
12,欧米
12,機種
12,本部
12,有害
12,書類
12,新規
12,新興
12,断片
12,整備
12,改造
12,損傷
12,提出
12,指定
12,才能
12,手続き
12,カ所
12,意識
12,従事
12,強調
12,広範
12,常識
12,工業
12,対抗
12,容量
12,家族
12,安定
12,妨害
12,太陽
12,大胆
12,カリフォルニア大
12,地区
12,回転
12,命令
12,合計
12,史上
12,反
12,原文
12,半分
12,化石
12,創刊
12,冷却
12,兵器
12,修復
12,保持
12,作動
12,不満
12,不正
12,下落
12,一環
12,Street
12,smart
12,self
12,Reuters
12,Play
12,next
12,human
12,Guardian
12,GPS
12,Go
12,Gengo
12,G
12,Facebook
12,CapCam
12,Breakthrough
12,been
12,360
12,ウィノグラード・スキーマ・チャレンジ
11,食糧
11,頼り
11,項目
11,韓国
11,電球
11,防御
11,長距離
11,鏡
11,配置
11,軍事
11,質
11,議長
11,警察
11,警備
11,認知
11,認可
11,評判
11,観点
11,規程
11,補充
11,色盲
11,精神
11,第三者
11,白人
11,発送
11,発注
11,町
11,生体
11,理事
11,照明
11,無効
11,液体
11,毎月
11,残り
11,次世代
11,欄
11,根絶
11,株
11,本当
11,本体
11,日照
11,文盲
11,放送
11,援助
11,推測
11,指名
11,抽出
11,扱い
11,扉
11,成熟
11,形状
11,形式
11,広報
11,帯
11,履歴
11,富士見
11,実演
11,完璧
11,失業
11,大衆
11,大半
11,外見
11,圧力
11,回復
11,周り
11,危機
11,助言
11,削除
11,刺激
11,到来
11,出荷
11,出現
11,処置
11,兼
11,レーザー光線
11,先行
11,優位
11,働き
11,偏見
11,依頼
11,位
11,付加
11,事例
11,不可欠
11,不十分
11,上記
11,上手
11,一致
11,world
11,what
11,Twitter
11,This
11,Technologies
11,robots
11,quantum
11,OS
11,NIH
11,NCI
11,machine
11,have
11,Gear
11,EU
11,EPA
11,Energy
11,energy
11,David
11,data
11,car
11,big
11,app
11,AlphaGo
11,6000
11,4000
11,400
11,1500
10,高級
10,館
10,類
10,離脱
10,阻止
10,開設
10,開発元
10,選出
10,運輸
10,進捗
10,進出
10,通過
10,軌道
10,車種
10,車体
10,路上
10,資産
10,貴重
10,誘導
10,試行
10,表面
10,表紙
10,行
10,蒸発
10,莫大
10,航空局
10,自国
10,自
10,脊髄
10,老化
10,結論
10,級
10,立ち
10,知的
10,着用
10,眼
10,相談
10,発想
10,痛み
10,申し込み
10,用紙
10,生殖
10,特
10,爆弾
10,燃費
10,無関係
10,潮
10,満足
10,活発
10,決断
10,気球
10,気温
10,民族
10,歓迎
10,欠点
10,核
10,本人
10,望み
10,最低
10,早期
10,敷設
10,支出
10,接触
10,探索
10,手順
10,成立
10,感知
10,意思
10,年版
10,年内
10,峰
10,審査
10,容易
10,宇宙船
10,天然
10,大会
10,夢中
10,多額
10,外部
10,声明
10,地点
10,地帯
10,噂
10,嗅覚
10,吸収
10,合理
10,原虫
10,原子力
10,半数
10,匂い
10,前進
10,利便
10,分子
10,公式
10,係
10,侵害
10,会長
10,事前
10,乗車
10,不妊
10,一緒
10,一種
10,x
10,work
10,Wired
10,W
10,things
10,Skype
10,Regalado
10,Power
10,mRNA
10,Mi
10,Make
10,LinkedIn
10,LED
10,Journal
10,HoloLens
10,googles
10,get
10,Fabric
10,Digital
10,digital
10,Brain
10,autonomous
10,Antonio
10,8000
10,75
10,48
10,2018
10,1990
10,クラウド・コンピューティング・サービス
9,魔法
9,高齢
9,飛躍
9,非難
9,閲覧
9,鉄道
9,お金
9,野球
9,野心
9,適合
9,遅々
9,返信
9,軽量
9,軽減
9,豊か
9,議員
9,調理
9,誰か
9,認証
9,観測
9,親会社
9,視野
9,菌
9,花
9,腎
9,絶対
9,経歴
9,糖尿
9,策定
9,空
9,秒
9,確率
9,発症
9,番目
9,用品
9,玩具
9,犬
9,物資
9,牛乳
9,焦点
9,災害
9,火星
9,港
9,温室
9,消滅
9,海外
9,流れ
9,注射
9,正解
9,標的
9,枠
9,本来
9,書籍
9,昆虫
9,日間
9,新手
9,整理
9,擁護
9,披露
9,技師
9,手作業
9,手がかり
9,戦い
9,懐疑
9,慎重
9,後押し
9,当面
9,当
9,度目
9,平
9,市販
9,山
9,展示
9,就職
9,対
9,実態
9,実地
9,委託
9,大陸
9,大気
9,大事
9,多層
9,壮大
9,地元
9,在籍
9,圧倒的
9,土地
9,命
9,各州
9,各地
9,取り扱い
9,友人
9,原理
9,卵
9,協議
9,協同
9,協会
9,勢い
9,動向
9,割
9,前半
9,制約
9,制定
9,判定
9,分間
9,分解
9,出費
9,冗談
9,全般
9,克服
9,倍増
9,今月
9,人びと
9,交流
9,乗用車
9,不能
9,不完全
9,上院
9,上げ
9,Wall
9,Tesla
9,research
9,project
9,phone
9,one
9,May
9,just
9,IT
9,It
9,into
9,innovation
9,ICANN
9,Get
9,do
9,DNS
9,b
9,45
9,250
9,2025
9,1899
8,駅
8,頻度
8,電源
8,階層
8,防止
8,部隊
8,違反
8,ロイター通信
8,追求
8,迅速
8,車載
8,賛成
8,貯蔵
8,課程
8,試行錯誤
8,訪問
8,解読
8,ご覧
8,裁判所
8,表
8,融合
8,著
8,航行
8,自治体
8,自信
8,署名
8,給与
8,組合
8,細菌
8,箇所
8,筋
8,第一歩
8,端
8,空中
8,種子
8,票
8,示唆
8,白血病
8,発火
8,疾病
8,特性
8,爆発
8,温度
8,流通
8,流出
8,派手
8,活躍
8,波長
8,正当
8,機密
8,楽観
8,棚
8,柔軟
8,条
8,机
8,本格
8,本日
8,朝
8,有益
8,断層
8,文法
8,敵
8,放射線
8,放出
8,損害
8,提唱
8,推奨
8,指揮
8,手首
8,手間
8,所属
8,感じ
8,恩恵
8,性格
8,性別
8,急落
8,心
8,微妙
8,後方
8,後半
8,後ろ
8,強制
8,張
8,建造
8,広大
8,年齢
8,平方
8,干ばつ
8,師
8,巨額
8,左右
8,室長
8,学会
8,媒介
8,妊娠
8,ケンブリッジ大学
8,大勢
8,変調
8,塗装
8,地面
8,圏
8,国境
8,名誉
8,可決
8,参考
8,原材料
8,半ば
8,匹
8,北京
8,制
8,出身
8,再開
8,公平
8,保守
8,便
8,会合
8,付属
8,今日
8,人数
8,事項
8,中間
8,両者
8,両
8,世帯
8,下院
8,上空
8,上位
8,三宅
8,丁目
8,一切
8,You
8,why
8,when
8,Up
8,time
8,tech
8,SRI
8,software
8,security
8,Rift
8,Optane
8,not
8,neural
8,network
8,NASA
8,Mullin
8,More
8,medicine
8,Inc
8,I
8,home
8,GE
8,FTC
8,Emily
8,election
8,drones
8,deep
8,Dango
8,control
8,Can
8,c
8,batteries
8,Are
8,American
8,9000
8,3000
8,2008
8,2005
8,150
8,102
7,駆除
7,順応
7,集計
7,陣営
7,阻害
7,長所
7,鉱山
7,遠心分離機
7,運搬
7,連続
7,連携
7,データ通信
7,返金
7,込み
7,身代金
7,賛同
7,資料
7,財産
7,諜報
7,診察
7,訴求
7,記念
7,記入
7,観察
7,視点
7,要請
7,衰退
7,虚偽
7,蓄電
7,蓄積
7,舞台
7,背後
7,肉体
7,義肢
7,綿
7,結合
7,立体
7,究極
7,税金
7,短期
7,知覚
7,着目
7,直感
7,直後
7,直前
7,発射
7,略
7,産
7,生息
7,生
7,理念
7,現金
7,現行
7,率直
7,独占
7,特集
7,熱狂
7,照合
7,火曜日
7,漏洩
7,滴滴
7,渋滞
7,活性
7,洗濯
7,気分
7,母乳
7,正体
7,次官補
7,機体
7,標識
7,概算
7,検閲
7,梱包
7,株主
7,板
7,東海岸
7,本質
7,本誌
7,本気
7,望遠鏡
7,有能
7,明示
7,明白
7,文脈
7,文字通り
7,数字
7,教室
7,改ざん
7,支給
7,探知
7,排除
7,捕捉
7,招待
7,抜き
7,戦闘
7,慣行
7,感謝
7,意欲
7,意向
7,応答
7,役
7,弊社
7,市民
7,巡回
7,居住
7,小説
7,小売り
7,小売
7,対照
7,宣言
7,実績
7,完了
7,学部
7,大々的
7,大尉
7,大人気
7,外側
7,基板
7,地方
7,在庫
7,土
7,国土
7,回数
7,四半期
7,喜び
7,商
7,味覚
7,向こう
7,同一
7,台数
7,収縮
7,収益
7,友だち
7,厳格
7,即座
7,南
7,北部
7,勢力
7,助成
7,割引
7,前例
7,お前
7,列
7,出力
7,出
7,処方
7,公道
7,公約
7,全部
7,全員
7,光学
7,優秀
7,偏り
7,保管
7,保有
7,使い捨て
7,作
7,介在
7,人生
7,人権
7,不適切
7,不平等
7,一覧
7,一流
7,Word
7,Why
7,We
7,Vine
7,view
7,Verge
7,Things
7,these
7,their
7,Tango
7,sports
7,space
7,slow
7,silicon
7,service
7,Scientist
7,Robots
7,robotic
7,R
7,Problem
7,privacy
7,plan
7,PG
7,oculus
7,NHTSA
7,may
7,like
7,Katherine
7,KADOKAWA
7,Japan
7,IP
7,HP
7,GPU
7,getting
7,FAX
7,down
7,DGX
7,Data
7,computer
7,cm
7,clean
7,Car
7,cancer
7,C
7,brain
7,Bourzac
7,Bio
7,better
7,Be
7,assistants
7,Artificial
7,artificial
7,Apple
7,access
7,99
7,600
7,55
7,2006
7,2003
7,160
7,(@
6,黎明
6,驚き
6,駆使
6,顕著
6,順調
6,青
6,電化
6,集
6,階級
6,陸
6,長者
6,重点
6,配布
6,都合
6,避妊
6,選手
6,適
6,道順
6,道のり
6,過酷
6,過激
6,連合
6,返事
6,近隣
6,農作物
6,輸入
6,転送
6,身近
6,身元
6,購読
6,識字
6,請求
6,課長
6,課金
6,認定
6,試用
6,試合
6,解消
6,解体
6,角度
6,観
6,見た目
6,見方
6,被告
6,表記
6,行使
6,舌
6,脂肪
6,職業
6,考案
6,義務
6,群衆
6,絵
6,給付
6,組み立て
6,組
6,純粋
6,精密
6,算出
6,空軍
6,空港
6,空気
6,秘匿
6,祭
6,確
6,矛盾
6,睡眠
6,着想
6,眼科
6,目視
6,目玉
6,皮質
6,皮肉
6,皆さま
6,発信
6,発
6,病原菌
6,由来
6,現地
6,猛烈
6,独特
6,熱心
6,熟練
6,照射
6,無償
6,火
6,混雑
6,浸透
6,海
6,水素
6,水中
6,お気に入り
6,母集団
6,残念
6,死
6,正常
6,機構
6,橋
6,様々
6,楽しみ
6,極端
6,栽培
6,格安
6,根拠
6,木曜日
6,有線
6,有力
6,最大限
6,暴言
6,時給
6,旧
6,日光
6,日々
6,旅
6,新種
6,斬新
6,数々
6,救助
6,故障
6,放棄
6,撲滅
6,撃墜
6,措置
6,抵抗
6,抗体
6,抑制
6,打撃
6,手助け
6,悪影響
6,悪化
6,応募
6,心筋
6,心拍
6,微
6,当選
6,引用
6,延長
6,床
6,希少
6,屋上
6,局在
6,少数
6,射出
6,対話
6,宿泊
6,実物
6,字
6,子宮
6,奇妙
6,大金持ち
6,大学院生
6,大ざっぱ
6,夜間
6,境界
6,基金
6,執行
6,在住
6,図
6,困惑
6,因果
6,名簿
6,合衆国
6,各種
6,台頭
6,反転
6,南アフリカ
6,卒業
6,匹敵
6,北西
6,北米
6,勧誘
6,前後
6,到着
6,利点
6,判別
6,列車
6,刑事
6,刊行
6,切開
6,出発
6,出会い
6,再発
6,共感
6,共和
6,党派
6,克
6,光景
6,偉大
6,値段
6,使い方
6,作戦
6,余裕
6,任天堂
6,仲間
6,仮定
6,代金
6,代理
6,今度
6,交差
6,お互い
6,事情
6,予期
6,主導
6,中野
6,両親
6,不安定
6,不動産
6,一貫
6,Your
6,years
6,under
6,trump
6,TRI
6,touch
6,startup
6,start
6,social
6,Slack
6,SF
6,Ryan
6,robotics
6,Robot
6,RNA
6,Quantum
6,Q
6,Post
6,plant
6,pixel
6,our
6,One
6,NTIA
6,Now
6,No
6,NFL
6,Navdy
6,Muni
6,MOOC
6,million
6,members
6,Magi
6,JOBS
6,jobs
6,Jason
6,innovators
6,if
6,IEEE
6,house
6,H
6,goes
6,GM
6,game
6,First
6,finally
6,ES
6,economy
6,Dyn
6,DuSee
6,Do
6,Cross
6,Computer
6,china
6,broadband
6,best
6,Autopilot
6,Assistant
6,amazon
6,Alloy
6,AirGig
6,Act
6,8584
6,617
6,475
6,1980
6,000
6,ー・インテリジェンス・リサーチ・パートナーズ
6,インテル・セキュリティ・マカフィー・ラボ
6,$
5,麻痺
5,高官
5,馬鹿
5,香り
5,首
5,風景
5,面積
5,露呈
5,電極
5,電
5,雪
5,雨
5,隣
5,間接
5,開放
5,鍵
5,鉱業
5,野望
5,配慮
5,遭遇
5,途中
5,透析
5,迷惑
5,近日
5,農薬
5,農場
5,辞書
5,軍団
5,軍人
5,起動
5,貿易
5,警報
5,講師
5,諮問
5,読み書き
5,読唇術
5,試算
5,評論
5,訳
5,記述
5,記載
5,討論
5,解任
5,観戦
5,視力
5,規格
5,見事
5,補完
5,補
5,裕福
5,裁判官
5,裁判
5,被験者
5,衝撃
5,血管
5,血漿
5,薬品
5,若者
5,芽
5,聴覚
5,耐久
5,翼
5,習得
5,繁栄
5,緑色
5,網羅
5,結末
5,紛争
5,紙幣
5,納得
5,粒子
5,粉ミルク
5,米ドル
5,管制
5,立ち入り
5,窓
5,突然変異
5,穴
5,積載
5,砂漠
5,瞬間
5,眼鏡
5,真実
5,看護
5,目線
5,皆
5,白
5,発効
5,疑い
5,番
5,男女
5,男
5,用語
5,生命
5,猫
5,特有
5,牛
5,父親
5,潤滑
5,演説
5,涙
5,消火
5,流行
5,洪水
5,汎用
5,求職
5,水量
5,水源
5,水力
5,気象
5,民営
5,武器
5,正
5,権威
5,権力
5,様
5,根
5,校長
5,東
5,来月
5,杉本
5,木
5,最小
5,最大手
5,最中
5,書簡
5,書店
5,曖昧
5,暫定
5,時速
5,時価
5,昔
5,明言
5,明解
5,日産
5,新車
5,敵対
5,散乱
5,故郷
5,改訂
5,操舵
5,摂取
5,揚水
5,描写
5,探査
5,指向
5,担保
5,抜け穴
5,投影
5,投与
5,投下
5,感動
5,思い
5,怒り
5,志向
5,心理
5,徹底的
5,復旧
5,彼女
5,影
5,ぜい弱
5,建築
5,度合い
5,幅広
5,席
5,市内
5,差異
5,巧妙
5,工夫
5,島
5,屋根
5,局長
5,専攻
5,富
5,密接
5,寄稿
5,室内
5,定
5,安心
5,守護
5,宅
5,存続
5,始動
5,始まり
5,好調
5,好意
5,夫妻
5,天使
5,大好き
5,大切
5,大げさ
5,多
5,外交
5,売買
5,売却
5,売り上げ
5,増殖
5,均一
5,地理
5,へき地
5,国外
5,国務
5,器官
5,商務省
5,周回
5,否決
5,同僚
5,可視
5,古代
5,やり取り
5,厳密
5,卵巣
5,占有
5,単独
5,南部
5,区域
5,動機
5,前面
5,到達
5,分布
5,出来
5,出張
5,冷蔵庫
5,内側
5,典型
5,公衆
5,全面
5,入社
5,免除
5,光子
5,先駆
5,先月
5,先日
5,充実
5,像
5,傷
5,偉業
5,信用
5,保釈
5,侵襲
5,例外
5,作曲
5,余地
5,余分
5,体系
5,体現
5,会場
5,任命
5,任
5,令状
5,代名詞
5,今夏
5,今世紀
5,享受
5,事務
5,争い
5,予言
5,乳児
5,主流
5,中身
5,中西部
5,中産
5,中核
5,両手
5,世間
5,不思議
5,不具合
5,七面鳥
5,一見
5,worlds
5,Windows
5,When
5,Washington
5,was
5,wants
5,voting
5,VMK
5,vec
5,use
5,USA
5,TRSF
5,they
5,Theranos
5,than
5,tesla
5,technologies
5,SUV
5,Solar
5,smartphone
5,Science
5,real
5,race
5,promoting
5,Project
5,pressroom
5,Playstation
5,Pinterest
5,people
5,own
5,Our
5,or
5,Online
5,now
5,Not
5,NFC
5,NFB
5,Need
5,My
5,my
5,modified
5,mm
5,Might
5,manufacturing
5,machines
5,M
5,learns
5,learn
5,latest
5,James
5,iTracker
5,isnt
5,Intera
5,intelligence
5,image
5,ID
5,humans
5,http
5,hopes
5,healthcare
5,health
5,hackers
5,grid
5,green
5,gov
5,give
5,gets
5,gene
5,GDP
5,Future
5,future
5,Fiber
5,eye
5,electric
5,EAC
5,Drone
5,dont
5,device
5,delivery
5,DeepDrumpf
5,contact
5,company
5,co
5,climate
5,cell
5,building
5,blind
5,bill
5,B
5,apps
5,apple
5,America
5,algorithms
5,94
5,87
5,81
5,65
5,44
5,2500
5,1400
5,130
5,)、
5,.（
5,::
4,黒字
4,黒人
4,麻薬
4,鳥類
4,首都
4,飲料
4,食
4,風船
4,お願い
4,顕在
4,顔ぶれ
4,頓挫
4,面接
4,非常勤
4,青色
4,電流
4,電柱
4,雰囲気
4,難解
4,難易
4,離陸
4,階
4,陣
4,院
4,防衛
4,関節
4,間近
4,その間
4,開拓
4,長期間
4,録音
4,錠剤
4,錐
4,イングランド銀行
4,鈍化
4,金銭
4,金曜日
4,野菜
4,重役
4,重
4,酸素
4,配電
4,配列
4,部署
4,郡
4,郊外
4,選別
4,遵守
4,違法
4,運行
4,運河
4,遊び方
4,遊び
4,遂行
4,進路
4,週末
4,連鎖
4,連結
4,造形
4,通訳
4,通用
4,送金
4,送付
4,退職
4,退任
4,返済
4,近所
4,近似
4,近
4,車内
4,躍起
4,起因
4,赤血球
4,賃料
4,謎
4,諸島
4,諸
4,論議
4,論点
4,請負
4,課税
4,読み方
4,誤解
4,誤差
4,話し言葉
4,話し方
4,話し手
4,証券
4,証
4,計
4,解説
4,解放
4,見栄え
4,西海岸
4,補正
4,裏側
4,被写体
4,衣料
4,血
4,融資
4,蜂
4,薬局
4,菌類
4,英
4,苦手
4,若干
4,芸術
4,色覚
4,良質
4,船舶
4,致死
4,トヨタ自動車
4,腸
4,腕時計
4,脚本
4,胸
4,胞子
4,育成
4,翌日
4,義手
4,缶
4,繰り返し
4,繊細
4,緻密
4,緩やか
4,編さん
4,総合
4,緊張
4,絶滅
4,給料
4,納入
4,糸
4,精査
4,立案
4,突破
4,穏やか
4,移民
4,称賛
4,科
4,社名
4,確証
4,確立
4,短時間
4,短所
4,知見
4,県
4,省エネ
4,直接的
4,皿
4,発案
4,疑念
4,産物
4,生存
4,生地
4,生まれ
4,理工
4,玄関
4,独走
4,犠牲
4,特典
4,物性
4,熱帯
4,無数
4,点数
4,火災
4,潮流
4,漏えい
4,滑らか
4,滅多
4,湾
4,消耗
4,消極
4,海里
4,海運
4,波形
4,沿い
4,油田
4,決議
4,汚職
4,汚れ
4,汗
4,永続
4,やる気
4,母
4,死者
4,正答
4,正式
4,ジェット機
4,横断
4,模様
4,様式
4,概要
4,楽
4,棋士
4,桁
4,格納
4,栄養素
4,栄養
4,東部
4,東アジア
4,来場
4,有機
4,有人
4,月曜日
4,最長
4,最良
4,最寄り
4,暴露
4,暴落
4,暴力
4,暇
4,時刻
4,時代遅れ
4,昼食
4,星
4,明滅
4,旧式
4,既知
4,方程式
4,新薬
4,新聞
4,断定
4,敷地
4,教養
4,教訓
4,教師
4,敏感
4,攻勢
4,改正
4,操業
4,撤廃
4,搭乗
4,換算
4,換え
4,推論
4,接近
4,探検
4,授業
4,振る舞い
4,指数
4,指先
4,抽象
4,技法
4,手頃
4,手軽
4,戦車
4,成層圏
4,成人
4,慢性
4,感触
4,意義
4,意志
4,悪循環
4,息子
4,急性
4,念
4,快適
4,必然
4,必死
4,待ち
4,役所
4,当分
4,当て
4,弱点
4,底
4,幽霊
4,幸せ
4,平等
4,平ら
4,帯域
4,川
4,尊重
4,専務
4,寄与
4,容器
4,害虫
4,定型
4,官僚
4,子
4,娯楽
4,威力
4,始め
4,妥協
4,天井
4,大都市
4,大物
4,大文字
4,大差
4,大三島
4,ばく大
4,多項式
4,多岐
4,変性
4,壊滅
4,地下
4,国連大学
4,国籍
4,図版
4,回線
4,善玉
4,和訳
4,名称
4,同種
4,同日
4,合流
4,合法
4,合弁
4,各所
4,右側
4,台無し
4,参画
4,原動力
4,単一
4,南極
4,協調
4,半年
4,午後
4,包摂
4,勉強
4,劣化
4,創出
4,創作
4,副作用
4,前駆
4,前提
4,前回
4,前哨
4,前向き
4,刷新
4,別々
4,判決
4,切断
4,切削
4,出産
4,出前
4,凍結
4,円形
4,共著
4,全土
4,全力
4,入り口
4,入り
4,免許
4,先駆け
4,兄弟
4,優遇
4,傘下
4,偶然
4,健全
4,停電
4,停車
4,停滞
4,値札
4,侮辱
4,使命
4,使い勝手
4,体温
4,伸縮
4,伸び
4,伝播
4,休日
4,仮説
4,代行
4,代償
4,ラベル付け
4,他者
4,仕事場
4,人質
4,人的
4,人形
4,交信
4,互換
4,事
4,予防
4,予備
4,乾燥
4,乳房
4,乗組
4,主役
4,主幹
4,主力
4,中略
4,中毒
4,中断
4,並み
4,世の中
4,不気味
4,不敵
4,不在
4,不利
4,上映
4,丁寧
4,一体
4,wont
4,Wind
4,white
4,we
4,way
4,WaveNet
4,Vox
4,video
4,vehicles
4,using
4,Use
4,university
4,Under
4,U
4,twitter
4,TV
4,turn
4,treatment
4,three
4,therapeutics
4,Their
4,That
4,Texas
4,test
4,systems
4,system
4,surprisingly
4,surgical
4,Space
4,smarter
4,Smart
4,siri
4,sign
4,shows
4,set
4,SER
4,see
4,search
4,save
4,Rotman
4,Robotic
4,ride
4,Replay
4,renewables
4,Really
4,Real
4,re
4,Quartz
4,public
4,problem
4,president
4,Pontin
4,Plus
4,Plants
4,Plant
4,Pixel
4,Over
4,over
4,org
4,Nuclear
4,no
4,NGA
4,Nexus
4,neutrality
4,networks
4,net
4,Neo
4,NEC
4,Nature
4,name
4,MWC
4,must
4,Much
4,moon
4,Money
4,MiniLab
4,Me
4,makes
4,lot
4,life
4,lets
4,Keep
4,k
4,J
4,iphone
4,intel
4,Insider
4,Innovators
4,industry
4,income
4,i
4,Help
4,Has
4,happens
4,hacking
4,GRID
4,Grid
4,got
4,Goes
4,go
4,global
4,Glass
4,funding
4,fix
4,Finally
4,exclusive
4,Engineering
4,Electric
4,editing
4,Economist
4,Eating
4,DSTL
4,Drones
4,divide
4,disease
4,devices
4,democracy
4,days
4,cyber
4,CV
4,CT
4,criticized
4,convenience
4,companies
4,coming
4,CMU
4,Chrome
4,chinas
4,China
4,Chief
4,change
4,ceo
4,Cars
4,carbon
4,Boom
4,behind
4,become
4,back
4,automated
4,assistant
4,API
4,alphabets
4,ago
4,against
4,95
4,900
4,88
4,86
4,7500
4,7000
4,56
4,46
4,41
4,350
4,2004
4,1600
4,1200
4,109
4,0570
4,003030
4,=”
3,鼻
3,黒幕
3,黄
3,鳥
3,鮮明
3,高等
3,高潔
3,高校生
3,高値
3,高まり
3,驚異
3,騒動
3,駐車
3,駆動
3,首席
3,飼育
3,食物
3,飛行場
3,顧問
3,顔面
3,頸部
3,頭上
3,順番
3,順
3,音響
3,音節
3,靴
3,非公開
3,電機
3,電圧
3,難題
3,難病
3,難点
3,難問
3,雑貨
3,集客
3,集会
3,集め
3,雄大
3,隣接
3,除草
3,除外
3,闇
3,開票
3,開店
3,鎌
3,鉄鋼
3,量産
3,重量
3,重複
3,重点的
3,重き
3,酵素
3,配合
3,配備
3,還元
3,遺産
3,選定
3,選び
3,適正
3,違和感
3,過熱
3,運送
3,運航
3,運
3,逮捕
3,連想
3,速やか
3,通勤
3,途方
3,追随
3,迷路
3,返却
3,近代
3,辺り
3,農務
3,輪
3,軸
3,転移
3,軍用
3,車間
3,車輪
3,車庫
3,身の回り
3,躍進
3,路
3,趣味
3,赤字
3,赤さび
3,購買
3,賞賛
3,貯蔵庫
3,貯水池
3,貧弱
3,財
3,負荷
3,負
3,象徴
3,警戒
3,警察官
3,調節
3,誤認
3,誠実
3,フランス語
3,試乗
3,詐欺
3,証言
3,訴訟
3,訳語
3,訂正
3,観光
3,親しみ
3,覚書
3,見返り
3,見直し
3,要件
3,西側
3,複製
3,製造元
3,補足
3,補給
3,裏
3,表皮
3,表情
3,ウォール街
3,行き
3,薬剤
3,著名
3,英文
3,花粉
3,色素
3,色とりどり
3,艇
3,自称
3,自家
3,自作
3,お腹
3,脊柱
3,脇
3,胸部
3,背中
3,肺
3,職種
3,職務
3,考察
3,習近
3,習熟
3,群れ
3,美容
3,罹患
3,罪
3,縫製
3,縦
3,練乳
3,編成
3,線引き
3,継ぎ目
3,絶え間
3,絶大
3,統制
3,経過
3,組み
3,紫外線
3,紐
3,系列
3,糞便
3,簡素
3,突拍子
3,空白
3,空想
3,空域
3,税別
3,移住
3,移
3,私的
3,福祉
3,福利
3,神父
3,碁
3,破綻
3,砲兵
3,研修
3,砂
3,着手
3,着工
3,着実
3,眉
3,相談役
3,直し
3,目処
3,盤
3,盛ん
3,盗難
3,白黒
3,白熱
3,発達
3,発話
3,発祥
3,痛手
3,疑惑
3,疎通
3,異議
3,申告
3,生涯
3,生態
3,理
3,球
3,現職
3,現実味
3,現存
3,犯行
3,特異
3,物事
3,片方
3,燃焼
3,熱意
3,デング熱
3,無限
3,無謀
3,無礼
3,無条件
3,無意識
3,無意味
3,無害
3,無作為
3,点灯
3,炎上
3,炎
3,火事
3,激減
3,潜水
3,漫画
3,演算
3,溶接
3,満載
3,減速
3,減税
3,深度
3,液晶
3,消化
3,海峡
3,海上
3,浄化
3,津波
3,洞察
3,洋上
3,泡
3,法規
3,法学
3,治癒
3,油
3,沖
3,決定的
3,求人
3,氷
3,気軽
3,毒
3,毎週
3,母艦
3,段落
3,歯
3,正面
3,欧州
3,模擬
3,標本
3,構文
3,楽曲
3,楽天
3,極秘
3,極度
3,極
3,業種
3,森林
3,根底
3,根幹
3,核酸
3,条項
3,本拠
3,未知
3,未熟
3,有無
3,有償
3,月間
3,最短
3,最善
3,最古
3,書類作成
3,日本経済新聞
3,新鮮
3,新作
3,文言
3,文学
3,整合
3,数値
3,散布
3,敗者
3,救済
3,放映
3,放射
3,改革
3,改定
3,支社
3,支払
3,損
3,描画
3,控訴
3,控えめ
3,接着
3,採算
3,挙動
3,指令
3,拡充
3,押収
3,抜粋
3,承知
3,手錠
3,手の平
3,所要
3,所管
3,戦術
3,我
3,成り行き
3,成形
3,成分
3,懸命
3,憲法
3,態度
3,愛好
3,悲観
3,悪質
3,怪我
3,急ぎ
3,怠け者
3,思想
3,念頭
3,忠実
3,応援
3,心臓
3,心境
3,徹底
3,後払い
3,彼ら
3,役職
3,当たり前
3,強盗
3,強烈
3,強気
3,強引
3,強固
3,弁別
3,店頭
3,幸福
3,年金
3,年末
3,年月
3,年度
3,年会
3,平面
3,平日
3,平方メートル
3,幕開け
3,常時
3,常任
3,布
3,市街地
3,巻き返し
3,左折
3,左
3,崩壊
3,岩田
3,属性
3,展望
3,届け
3,テレビ局
3,尿
3,尽力
3,少量
3,少なめ
3,小惑星
3,小
3,専業
3,対比的
3,寸前
3,富裕
3,宿題
3,家計
3,家具
3,家事
3,実践
3,完結
3,安直
3,安値
3,学位
3,子育て
3,好都合
3,えり好み
3,女王
3,奨励
3,奇抜
3,失明
3,天候
3,大金
3,大豆
3,大抵
3,大人
3,ハーバード大
3,多大
3,外洋
3,変異
3,変容
3,売り場
3,壇上
3,墳墓
3,増額
3,増幅
3,執刀
3,坑道
3,地下鉄
3,圧縮
3,土曜日
3,国勢調査
3,固有名詞
3,因子
3,嗜好
3,哺乳類
3,呼吸
3,味方
3,味
3,周知
3,周期
3,吐き気
3,名詞
3,同然
3,同期
3,同乗
3,合致
3,司法省
3,司会
3,右
3,史
3,台帳
3,句
3,口座
3,受給
3,受粉
3,受容
3,受付
3,取水
3,取扱
3,取り
3,収監
3,収拾
3,収容
3,反論
3,反省
3,反発
3,反射
3,双方向
3,友好
3,原料
3,原始
3,厚生
3,南西
3,協
3,卓越
3,卒業生
3,医者
3,化粧
3,勝負
3,動態
3,加速度
3,創立
3,剣
3,前身
3,利害
3,初頭
3,切り替え
3,切れ
3,分配
3,分身
3,分裂
3,出演
3,処分
3,凌駕
3,冒頭
3,再建
3,内科
3,公益
3,公正
3,公営
3,全長
3,光通信
3,光線
3,先住民
3,先ごろ
3,元素
3,優勢
3,働
3,債
3,傍受
3,値下げ
3,個性
3,修理
3,信奉
3,伸展
3,伝達
3,伝染
3,仮設
3,以後
3,以南
3,付着
3,他人
3,仕方
3,今秋
3,人員
3,事象
3,事務所
3,争奪
3,予報
3,乱用
3,乗り物
3,主語
3,主席
3,主体
3,中頃
3,中継
3,中国人
3,中味
3,世界一
3,不透明
3,不自然
3,不法
3,不明瞭
3,不振
3,不快
3,不審
3,不公平
3,不人気
3,下部
3,上場
3,一端
3,一生
3,一斉
3,一夜
3,一団
3,一因
3,一つ
3,y
3,Xpoint
3,Xbox
3,World
3,workers
3,Wireless
3,wireless
3,Wings
3,wi
3,Whole
3,whats
3,What
3,WeChat
3,water
3,waste
3,want
3,voice
3,vision
3,Video
3,vftm
3,very
3,version
3,Vehicle
3,vehicle
3,valley
3,us
3,Unveils
3,uk
3,UBI
3,uber
3,two
3,tv
3,try
3,trumps
3,Trump
3,trials
3,TR
3,toys
3,toyota
3,too
3,terms
3,Temple
3,television
3,Team
3,Talking
3,taking
3,take
3,surveillance
3,surgery
3,Supply
3,super
3,street
3,stop
3,still
3,stem
3,startups
3,Start
3,Spotify
3,Speed
3,Spectrum
3,some
3,small
3,Sklar
3,Simon
3,Silicon
3,sick
3,Shows
3,should
3,sensors
3,Says
3,sale
3,Rosenblum
3,Roku
3,RNAi
3,Revolution
3,registered
3,ready
3,ransomware
3,questions
3,put
3,provide
3,prosthetics
3,promote
3,progress
3,Product
3,product
3,process
3,Pro
3,private
3,printed
3,prime
3,President
3,potus
3,poker
3,play
3,Plans
3,plans
3,permissions
3,PD
3,Parkin
3,paid
3,OVH
3,outage
3,Out
3,online
3,obamas
3,O
3,nuclear
3,nsa
3,NPO
3,Nobody
3,never
3,needs
3,Motherboard
3,modular
3,Modal
3,mit
3,mission
3,Mirai
3,mining
3,miniLab
3,military
3,might
3,Microsoft
3,microbiome
3,MHz
3,memory
3,meet
3,Medicine
3,media
3,Mbps
3,Massive
3,map
3,Man
3,Magic
3,made
3,Machine
3,m×
3,Lunch
3,Loon
3,LipNet
3,LinkNYC
3,light
3,lift
3,lens
3,Leap
3,Language
3,language
3,labs
3,KPN
3,key
3,Julia
3,Jobs
3,Jeeves
3,IVF
3,Its
3,iPAQ
3,iPad
3,investing
3,Intelligence
3,In
3,If
3,IDC
3,Human
3,Hits
3,Hit
3,High
3,high
3,heres
3,headsets
3,hacked
3,hack
3,GWAS
3,going
3,glasses
3,genomic
3,genetically
3,Gbps
3,GazeCapture
3,Gaming
3,Games
3,games
3,For
3,Foods
3,food
3,Floor
3,flat
3,FISA
3,find
3,fighting
3,fiber
3,fi
3,fast
3,facebook
3,face
3,eyes
3,Express
3,Explodes
3,events
3,ETI
3,ethics
3,End
3,EL
3,Editor
3,driverless
3,Dream
3,dream
3,DIY
3,DirecTV
3,Destroying
3,department
3,Delivery
3,defense
3,deepminds
3,DeepMind
3,deepmind
3,DC
3,Daydream
3,day
3,dated
3,Dangerous
3,criticised
3,CPU
3,cord
3,COO
3,Contact
3,computing
3,computers
3,coal
3,cloud
3,Christina
3,child
3,cheap
3,censorship
3,cells
3,CBS
3,Cardboard
3,cant
3,cable
3,Business
3,business
3,Built
3,Box
3,blockchain
3,Bitcoin
3,bionic
3,Big
3,babies
3,autopilot
3,Autonomous
3,automation
3,August
3,attacks
3,ASME
3,As
3,arxiv
3,around
3,application
3,App
3,Andrew
3,american
3,also
3,all
3,alexa
3,Air
3,Ai
3,after
3,advanced
3,ACB
3,abs
3,96
3,83
3,802
3,799
3,7300
3,702
3,700
3,640
3,64
3,61398
3,540
3,52
3,49
3,480
3,47
3,43
3,3900
3,37
3,3400
3,32
3,256
3,2100
3,2050
3,2019
3,2007
3,2001
3,1999
3,1998
3,199
3,1970
3,149
3,140
3,122
3,107
3,103
2,齢
2,黒
2,麻酔
2,魚
2,高給
2,高画質
2,高層
2,骨髄
2,駆逐
2,馬
2,香港
2,首相
2,首位
2,飲酒
2,飲み物
2,食生活
2,食堂
2,風変わり
2,顕微鏡
2,題材
2,領有
2,順潮
2,順守
2,順位
2,音量
2,鞍山
2,面会
2,非対称
2,静止
2,静か
2,青信号
2,露店
2,電話機
2,電線
2,電灯
2,難関
2,雑音
2,雑草
2,雑用
2,雑
2,集積
2,集権
2,隠し
2,障壁
2,隔離
2,隔月
2,随時
2,隊員
2,隅
2,陸軍
2,陸上
2,陰謀
2,防水
2,闘い
2,関わり
2,長時間
2,鎮痛
2,録画
2,錯誤
2,鋳造
2,銅
2,銃
2,銀色
2,銀河系
2,鉱物
2,鉢植え
2,鉄骨
2,鉄鉱
2,針金
2,針
2,金製
2,金品
2,量子力学
2,野生
2,野党
2,重職
2,酸性
2,酸
2,配給
2,配属
2,配分
2,配偶
2,都度
2,部局
2,部員
2,邪魔
2,邦訳
2,選手権
2,遠距離
2,遠く
2,達人
2,道徳
2,過疎
2,過剰
2,過
2,ろ過
2,運命
2,遅延
2,進入
2,週
2,連動
2,造り
2,ねつ造
2,通路
2,通行人
2,通報
2,通信使
2,途端
2,逆風
2,逆行
2,逆手
2,逃走
2,逃亡
2,送受信
2,退役
2,退屈
2,迷子
2,述語
2,返答
2,返品
2,近道
2,近距離
2,近接
2,辺境
2,農地
2,輸出
2,転身
2,転職
2,軒
2,踏襲
2,路面
2,距
2,足取り
2,趣旨
2,超越
2,赤ん坊
2,賭け
2,賢明
2,資本
2,貸付
2,貪欲
2,販促
2,貨幣
2,貧富
2,財政
2,財布
2,豪華
2,谷
2,譲渡
2,講義
2,諸刃
2,論破
2,論理
2,論拠
2,請願
2,調子
2,調べ
2,調
2,読み込み
2,読み取り
2,説
2,誤り
2,語句
2,詳述
2,該当
2,詩人
2,試験管
2,試供
2,証人
2,訴追
2,記名
2,記号
2,計り
2,言い回し
2,言い分
2,触感
2,解禁
2,解
2,角川
2,親指
2,見通し
2,見識
2,見立て
2,見積もり
2,見積り
2,見出し
2,要望
2,要
2,西洋
2,襲撃
2,製薬
2,製法
2,裁縫
2,袋
2,表向き
2,衣服
2,術後
2,行き詰まり
2,行程
2,行く末
2,行方
2,行政
2,行く手
2,血糖
2,蛍光
2,虫
2,虐待
2,藻類
2,薄膜
2,落書き
2,菌糸
2,草の根
2,草創
2,英単語
2,若返り
2,若手
2,花びら
2,良識
2,艦
2,舵
2,舌戦
2,興奮
2,致命
2,自覚
2,自粛
2,自発
2,自慢
2,自前
2,臨場
2,腹部
2,腹腔
2,アキレス腱
2,腰
2,腫
2,腐敗
2,脳波
2,脱却
2,脚光
2,脅迫
2,胴
2,背面
2,胃腸
2,肩
2,肥料
2,肌
2,聴衆
2,耐性
2,耐
2,考え方
2,習慣
2,義足
2,美術
2,置換
2,繋がり
2,繁華
2,縫合
2,縁
2,練習
2,締切
2,総称
2,総研
2,総数
2,綴じ
2,継承
2,絶頂
2,絶望
2,絶好
2,統括
2,統一
2,経費
2,経緯
2,経口
2,組合せ
2,細部
2,細管
2,素直
2,素子
2,素
2,紛れ
2,純然
2,糸口
2,ブドウ糖
2,精緻
2,粒
2,粉砕
2,簡略
2,簡便
2,管轄
2,管
2,答
2,筐
2,筆頭
2,符号
2,笑み
2,立証
2,立て続け
2,立派
2,立ち往生
2,窒素
2,突破口
2,突発
2,空輸
2,空調
2,空腹
2,空洞
2,稼動
2,は種
2,税収
2,稀
2,移転
2,移籍
2,秩序
2,社外
2,磨き
2,確固
2,碑
2,硬化
2,破産
2,破滅
2,破れ
2,石
2,短期間
2,知り合い
2,矢印
2,瞬時
2,着
2,真正面
2,真価
2,真ん中
2,眞
2,省庁
2,相関
2,相対
2,相反
2,相
2,盲人
2,盲
2,目撃
2,目当て
2,目前
2,監査
2,益
2,的確
2,発音
2,発足
2,発育
2,発端
2,癖
2,痕跡
2,症候群
2,病状
2,病歴
2,疼痛
2,疑似
2,異質
2,異論
2,畑
2,男の子
2,申し立て
2,田村
2,用量
2,用地
2,産婦人科
2,生理
2,生徒
2,理化学研究所
2,球体
2,現実離れ
2,王様
2,玉
2,独力
2,独創
2,犬ぞり
2,牽引
2,特質
2,特価
2,物言い
2,物件
2,牛肉
2,片手
2,片
2,熟成
2,照度
2,煙
2,無縁
2,無断
2,無声
2,無名
2,為替
2,点訳
2,点滴
2,炭鉱
2,炭酸
2,炭坑
2,灯油
2,火傷
2,灌漑
2,瀬戸内海
2,濃度
2,潜入
2,漸進
2,演奏
2,演出
2,漏れ
2,滞在
2,準拠
2,源泉
2,湖
2,港湾
2,渉外
2,清華
2,混合
2,淘汰
2,海面
2,海賊
2,浮遊
2,浮き彫り
2,流入
2,流体
2,流
2,派生
2,活気
2,洞窟
2,洗浄
2,注釈
2,泥棒
2,法廷
2,法令
2,治安
2,油井
2,没頭
2,決め手
2,決勝
2,求め
2,永遠
2,水道
2,水曜日
2,水域
2,水分
2,水不足
2,気味
2,気前
2,気体
2,比喩
2,比例
2,母国
2,殺虫
2,殺人
2,段ボール
2,残高
2,歴
2,歳入
2,歪み
2,歩数
2,歩き
2,武装
2,正規
2,正真正銘
2,正直
2,正晃
2,正反対
2,止め
2,歓声
2,歌手
2,欲求
2,次第
2,次席
2,次回
2,欠損
2,欠如
2,機運
2,機微
2,機内
2,橋渡し
2,樹
2,横行
2,横糸
2,横
2,模範
2,標準時
2,検
2,植民
2,椅子
2,森
2,梅宮
2,桁違い
2,格段
2,格好
2,核兵器
2,栄治
2,柄
2,架空
2,枠組み
2,果物
2,松原
2,東南アジア
2,本拠地
2,本意
2,本島
2,本国
2,未然
2,木材
2,期限切れ
2,期限
2,有識者
2,有意
2,有刺鉄線
2,最前線
2,最低限
2,書き込み
2,書式
2,暮れ
2,暗雲
2,暗闇
2,暖房
2,普遍
2,普段
2,時機
2,時差
2,お昼
2,昨日
2,映写
2,星図
2,明記
2,明日
2,明
2,昇格
2,日程
2,日産自動車
2,日本円
2,日本人
2,日時
2,日差し
2,日刊
2,既製
2,既定
2,旅費
2,旅程
2,施術
2,方面
2,新着
2,新株
2,新旧
2,新入
2,新人
2,断続
2,断絶
2,お断り
2,斑
2,整形
2,数量
2,数社
2,数カ所
2,教書
2,敗北
2,政教
2,攻略
2,支離滅裂
2,支障
2,撮像
2,摘出
2,摂動
2,損益
2,損得
2,揚げ足
2,提起
2,接客
2,探究
2,探求
2,採血
2,掘削
2,捕食
2,振込
2,指紋
2,招集
2,拘留
2,抜け道
2,折り返し
2,技
2,承諾
2,批評
2,払拭
2,払い
2,打開
2,打ち合わせ
2,手配
2,手足
2,手触り
2,手袋
2,手続
2,手札
2,手持ち無沙汰
2,手塩
2,所在地
2,戦力
2,我慢
2,成績
2,憎悪
2,態勢
2,慈善
2,感銘
2,感想
2,愚か
2,意外
2,想起
2,情熱
2,情報処理
2,悲劇
2,悪用
2,悪意
2,悪夢
2,悪名
2,患部
2,息
2,恐竜
2,恐怖
2,性差
2,急増
2,急務
2,急上昇
2,急ピッチ
2,怠慢
2,思索
2,思慮
2,思い出
2,志願
2,志
2,必須
2,心的
2,心地
2,徴用
2,微粒子
2,復帰
2,後述
2,後任
2,律儀
2,待ち時間
2,往復
2,形質
2,当日
2,弾性
2,張り
2,ガラス張り
2,弱体
2,弱み
2,引退
2,引き合い
2,引き
2,弊害
2,廊下
2,座標
2,座席
2,幹線
2,年次
2,平衡
2,平行
2,平方キロメートル
2,平凡
2,常設
2,帰還
2,帰属
2,希
2,巧み
2,左側
2,工具
2,工事
2,工
2,州法
2,嵐
2,岸
2,岩井
2,岩
2,山脈
2,山の上
2,屋外
2,屋内
2,居留
2,居心地
2,就業
2,少年
2,少子
2,少
2,小麦
2,小道具
2,小学校
2,小切手
2,小児
2,将棋
2,専門医
2,寿司
2,対談
2,対義語
2,対等
2,対立
2,対決
2,対向
2,察知
2,寝室
2,密度
2,寄生
2,寄付
2,宿命
2,宿主
2,家電
2,家系
2,家畜
2,害
2,客席
2,実車
2,実業
2,実感
2,実害
2,実力
2,実例
2,実体験
2,宛
2,定着
2,定め
2,官庁
2,安泰
2,安上がり
2,学界
2,学問
2,孤立
2,嫌
2,婦
2,娘
2,威信
2,妻
2,妥当
2,好景気
2,奴隷
2,奮闘
2,奇跡
2,奇
2,失墜
2,夫婦
2,太陽系
2,太平洋
2,天才
2,天国
2,大脳皮質
2,大工
2,大学院
2,コロンビア大学
2,大国
2,夢想
2,多義
2,外観
2,外気
2,外傷
2,変電
2,変貌
2,変数
2,変形
2,売人
2,増税
2,増産
2,増大
2,塩水
2,塩化
2,塚田
2,塗料
2,塔
2,塊
2,基幹
2,域
2,均衡
2,坂道
2,地道
2,地味
2,在来
2,在り方
2,在学
2,在中
2,圧迫
2,国防省
2,国道
2,国産
2,国営
2,固有
2,図表
2,団
2,噴射
2,器用
2,嘘
2,嘆き
2,喚起
2,商戦
2,商工
2,唐突
2,品種
2,周年
2,吟味
2,名人
2,同業
2,同時
2,同性愛
2,同居
2,合図
2,合同
2,各自
2,各様
2,号線
2,台座
2,可否
2,受領
2,受賞
2,受診
2,受託
2,受胎
2,取り込み
2,取り調べ
2,取り締まり
2,取り決め
2,収録
2,収量
2,反抗
2,反復
2,友達
2,去年
2,厳重
2,原語
2,原点
2,原住民
2,厚紙
2,厄介
2,卵胞
2,却下
2,即時
2,博
2,単発
2,単
2,南東
2,協業
2,午前
2,医院
2,医学部
2,北東
2,北
2,化合
2,包括
2,勧告
2,勤務
2,募金
2,勝者
2,動員
2,動力
2,勇気
2,助長
2,助産婦
2,助手
2,劣悪
2,加熱
2,加
2,功績
2,劉
2,割引き
2,剛性
2,前述
2,前立腺
2,前方
2,前年
2,前兆
2,刻み
2,利息
2,初代
2,刊
2,切除
2,切り札
2,切り口
2,分断
2,分岐
2,分割
2,分別
2,出願
2,エボラ出血熱
2,出稿
2,出番
2,出庫
2,出席
2,出典
2,出だし
2,冷凍
2,冬
2,再犯
2,再燃
2,内装
2,内臓
2,内戦
2,内外
2,内在
2,具合
2,共栄
2,公募
2,全域
2,入院
2,入植
2,入居
2,党
2,児
2,先頭
2,先行き
2,先発
2,元祖
2,元年
2,優雅
2,傷害
2,債権
2,債務
2,偽造
2,偽
2,健常
2,偏
2,倹約
2,値上がり
2,信念
2,促成
2,係員
2,侵食
2,使い物
2,作り話
2,作者
2,作家
2,作り
2,余計
2,体重
2,体感
2,住所
2,低減
2,会計士
2,会得
2,休止
2,伊勢
2,任期
2,件数
2,令
2,代謝
2,代り
2,他国
2,仕上げ
2,介護
2,人里
2,人通り
2,人称
2,人目
2,人為
2,人混み
2,人民
2,人差し指
2,人命
2,人名
2,人事
2,交渉
2,交じり
2,五輪
2,互い
2,事柄
2,予見
2,予知
2,予感
2,予後
2,了承
2,乳腺
2,乱闘
2,乖離
2,主軸
2,主演
2,主婦
2,丸
2,中途半端
2,中空
2,中国語
2,両面
2,両国
2,不調
2,不良
2,不穏
2,不況
2,不格好
2,不当
2,不幸
2,不平
2,不器用
2,不可避
2,不利益
2,不便
2,下期
2,下旬
2,下層
2,上部
2,上訴
2,上海
2,上水道
2,上期
2,上書き
2,上旬
2,上出来
2,上乗せ
2,上下
2,三つ
2,丈夫
2,一般人
2,一群
2,一線
2,一時期
2,一律
2,一式
2,一帯
2,一員
2,一体化
2,zhang
2,Z
2,yihui
2,yearly
2,Yasuhiro
2,yang
2,yandex
2,Yahoo
2,yahoo
2,XpertEye
2,XL
2,XkhdXggofEFiT
2,xiaomi
2,WWDC
2,Wrong
2,wrong
2,Write
2,worth
2,Works
2,words
2,wonderful
2,wonder
2,women
2,without
2,within
2,With
2,wins
2,WHO
2,who
2,White
2,While
2,while
2,WEMA
2,well
2,weather
2,wearable
2,Weapons
2,wave
2,watson
2,watching
2,Watch
2,war
2,wall
2,Walk
2,walk
2,w
2,Voting
2,vojvodic
2,vivian
2,visual
2,Visa
2,violent
2,vinyals
2,Ventures
2,valleys
2,Valley
2,V
2,used
2,unveils
2,universe
2,understand
2,Uber
2,Ty
2,Truly
2,TrueNorth
2,trillion
2,tries
2,transportation
2,translation
2,transition
2,trade
2,tracking
2,track
2,Toyota
2,toxic
2,top
2,tool
2,took
2,Too
2,Tommarello
2,To
2,Tisu
2,tiny
2,Tinder
2,tinder
2,Time
2,tidal
2,Three
2,thought
2,therapy
2,theranos
2,them
2,tests
2,Test
2,tell
2,Technica
2,TechCrunch
2,Teach
2,Talbot
2,Take
2,Tシャツ
2,swarm
2,surgeon
2,Suite
2,subscriptions
2,style
2,stunning
2,Stripe
2,streaming
2,Stratospheric
2,strategy
2,strategies
2,story
2,Stop
2,STEM
2,states
2,statement
2,stanford
2,Sports
2,speed
2,speech
2,spectacles
2,spacex
2,soylent
2,Sorry
2,soon
2,Song
2,so
2,SNS
2,Snapchat
2,SNAP
2,Smartphones
2,smartphones
2,Smartest
2,Small
2,Slide
2,sky
2,Skeptical
2,Sign
2,Shoppers
2,shipping
2,sharing
2,Set
2,Service
2,sergey
2,sense
2,selling
2,Self
2,secret
2,seattle
2,Scientific
2,science
2,says
2,San
2,SAB
2,russia
2,rules
2,Rubeus
2,RTS
2,RSS
2,RS
2,Rosen
2,Rogue
2,Road
2,Risk
2,risk
2,rise
2,Rick
2,rich
2,Rice
2,revolution
2,review
2,reveals
2,retail
2,researchers
2,Research
2,Reinvent
2,reinforcement
2,recovery
2,recognition
2,Recode
2,really
2,Reading
2,RAM
2,radar
2,racism
2,racing
2,Race
2,Questions
2,Quest
2,pw
2,Put
2,Proved
2,proliferating
2,program
2,problems
2,Printing
2,printer
2,precision
2,powers
2,powerful
2,powered
2,politics
2,Policy
2,policy
2,pokemon
2,PlayStation
2,playing
2,plants
2,planet
2,Plan
2,pinterest
2,PIN
2,pilot
2,pictures
2,Pico
2,Phones
2,phones
2,Phone
2,Peter
2,personal
2,Perfect
2,PDF
2,parts
2,Paralyzed
2,PaPal
2,pairing
2,pace
2,P
2,p
2,Outage
2,Other
2,other
2,oriol
2,Organs
2,organs
2,orbit
2,optical
2,opinion
2,Open
2,Only
2,only
2,On
2,olympics
2,oKvZfM
2,OK
2,Officer
2,Office
2,Off
2,off
2,Obama
2,obama
2,November
2,non
2,nissan
2,NHS
2,Next
2,News
2,networking
2,netflix
2,Net
2,needed
2,need
2,NBC
2,nature
2,national
2,mystery
2,municipal
2,MS
2,moving
2,moves
2,most
2,mosquitoes
2,money
2,Modular
2,mobile
2,ml
2,mistakes
2,Minuum
2,minecraft
2,mind
2,miles
2,mikefrom
2,Microscale
2,mexico
2,mess
2,MeQuanics
2,memories
2,MDLive
2,MC
2,Mayhem
2,MAX
2,MasterCard
2,massive
2,masses
2,Martin
2,martin
2,Mark
2,maps
2,malaria
2,maintaining
2,maintain
2,magic
2,Mac
2,loon
2,looks
2,looking
2,Look
2,Long
2,Logging
2,localized
2,ll
2,Live
2,link
2,lines
2,Life
2,LEXUS
2,levine
2,ledger
2,led
2,Learning
2,leaps
2,league
2,law
2,launch
2,last
2,largest
2,laboratory
2,lab
2,L
2,KPMG
2,Konstantin
2,Kindred
2,Killing
2,killed
2,kHz
2,Kakaes
2,K
2,juno
2,Jumpstart
2,judge
2,Jordan
2,Jonathan
2,jon
2,joins
2,job
2,jeff
2,jean
2,iU
2,itself
2,Island
2,IPO
2,investors
2,Invention
2,Into
2,Intermittency
2,interfaces
2,intensifies
2,Intel
2,Instagram
2,instacart
2,insect
2,ink
2,Ingress
2,infrastructure
2,Inequality
2,inequality
2,Industry
2,India
2,Incursion
2,implications
2,immunotherapy
2,Immune
2,images
2,im
2,illustrations
2,idea
2,ibms
2,IAB
2,Hz
2,huge
2,HUD
2,HTML
2,htc
2,House
2,hotter
2,hollywood
2,hole
2,helping
2,Healey
2,headset
2,head
2,Have
2,Hatabe
2,hardware
2,hand
2,hailing
2,hacks
2,Hacked
2,GTA
2,growing
2,GreenCo
2,great
2,Grasp
2,Government
2,gmos
2,Globe
2,glass
2,gives
2,giant
2,genetic
2,GCHQ
2,gaming
2,fuel
2,Friends
2,friend
2,Free
2,Francisco
2,fossil
2,Fortune
2,forces
2,Forbes
2,foods
2,Food
2,follow
2,Fly
2,Fishman
2,Firefox
2,Financial
2,film
2,FIFA
2,ferry
2,FEELREAL
2,feeling
2,fcc
2,favreau
2,fatality
2,far
2,fake
2,factory
2,faces
2,faa
2,ext
2,experts
2,exoskeleton
2,event
2,even
2,Ethics
2,ESPN
2,Errors
2,error
2,EPFL
2,epa
2,Eos
2,engineering
2,end
2,Embedding
2,elon
2,electronics
2,Efficient
2,echo
2,EC
2,eating
2,easy
2,Each
2,DVD
2,dumb
2,drumpf
2,Driving
2,Driverless
2,drive
2,doubles
2,DoS
2,Don
2,doctor
2,DNC
2,Divide
2,dimensional
2,diagnose
2,Devices
2,Democracy
2,delivers
2,Delivered
2,DEF
2,decline
2,Decade
2,deaths
2,Dead
2,daydream
2,cyborg
2,cybersecurity
2,cutting
2,customers
2,customer
2,currency
2,cure
2,cryptom
2,crowdfunding
2,crop
2,crispr
2,creative
2,cover
2,country
2,councilmen
2,council
2,Couch
2,costs
2,copilot
2,COP
2,cool
2,Controversial
2,Control
2,Content
2,connected
2,congress
2,Conference
2,CON
2,Companies
2,communications
2,Communication
2,communication
2,commercial
2,comic
2,Come
2,come
2,Coalition
2,Coal
2,CNN
2,closing
2,closer
2,Clean
2,CIRP
2,Chips
2,chip
2,chinese
2,Charles
2,Charade
2,Challenge
2,centrifuge
2,Centers
2,Cell
2,catch
2,Cas
2,careers
2,cardboard
2,capture
2,camera
2,Call
2,call
2,California
2,california
2,Calexit
2,CA
2,buys
2,Burr
2,Bump
2,built
2,builds
2,build
2,Broadband
2,brings
2,bring
2,box
2,botnets
2,botnet
2,bot
2,Boston
2,boost
2,books
2,bmw
2,blue
2,Blood
2,birth
2,Binge
2,Billion
2,billion
2,biggest
2,bezos
2,beyond
2,BEV
2,between
2,Better
2,bet
2,Before
2,before
2,Battery
2,basic
2,baidu
2,away
2,Awan
2,augmented
2,Auerbach
2,audiences
2,Audience
2,att
2,ATM
2,ATAP
2,Association
2,Article
2,Ars
2,Around
2,Arm
2,arm
2,ara
2,ar
2,Apache
2,APA
2,another
2,An
2,americas
2,ambitious
2,amazons
2,AMA
2,Alumni
2,AltspaceVR
2,already
2,almost
2,All
2,algorithm
2,Alexa
2,aleksandra
2,AIzaSyDBtak
2,airbnb
2,aims
2,agricultural
2,Agile
2,again
2,AFRL
2,africa
2,aerial
2,adversarial
2,advances
2,address
2,ad
2,action
2,act
2,About
2,ABB
2,999
2,9938
2,9899
2,980
2,975
2,97
2,9551
2,950
2,9410
2,9178
2,9103
2,91
2,9041
2,8921
2,8807
2,877
2,8737
2,85
2,845
2,8177
2,8042
2,800
2,7954
2,7873
2,78
2,778
2,76
2,74
2,73
2,72
2,7183
2,7079
2,7044
2,69
2,681
2,67
2,649
2,644
2,63
2,5724
2,57
2,5600
2,5540
2,5452
2,5414
2,5253
2,5216
2,51
2,5058
2,5001
2,4980
2,4500
2,42
2,415
2,399
2,39
2,3728
2,3606
2,3583
2,3500
2,3440
2,34
2,3398
2,3355
2,32444
2,32292
2,32026
2,32014
2,320
2,31912
2,31835
2,31761
2,31672
2,31426
2,31119
2,3100
2,3096
2,30903
2,30896
2,30779
2,30655
2,30620
2,30465
2,30368
2,30256
2,29980
2,29939
2,29506
2,29489
2,29287
2,29264
2,29080
2,28989
2,28625
2,28447
2,27950
2,27828
2,27747
2,2720
2,27113
2,269
2,2578
2,2564
2,24628
2,24542
2,24228
2,24019
2,23908
2,23766
2,23762
2,23723
2,23519
2,23064
2,22998
2,22845
2,22835
2,22419
2,22414
2,22121
2,22026
2,22020
2,220
2,21874
2,21783
2,21518
2,21175
2,21076
2,21021
2,20969
2,20901
2,20688
2,20634
2,20572
2,203
2,20258
2,19968
2,1995
2,1994
2,1993
2,1991
2,1988
2,1983
2,1978
2,1972
2,19699
2,19660
2,19658
2,19606
2,1960
2,19573
2,19571
2,19127
2,1909
2,19002
2,1900
2,18897
2,18890
2,18821
2,18819
2,18802
2,1872
2,18718
2,18547
2,18505
2,1845
2,18400
2,18358
2,18320
2,18311
2,18262
2,18225
2,18038
2,180
2,177
2,17458
2,17387
2,17283
2,17154
2,170
2,16871
2,16823
2,16487
2,16267
2,16241
2,16227
2,1609
2,16058
2,16036
2,15870
2,14554
2,14514
2,14495
2,14493
2,14365
2,14239
2,14207
2,13972
2,13904
2,13892
2,13609
2,13603
2,13570
2,13177
2,13161
2,13151
2,13084
2,129
2,12846
2,12843
2,12770
2,12759
2,12733
2,12691
2,12463
2,12416
2,12292
2,12248
2,12197
2,12174
2,12141
2,12122
2,11769
2,11545
2,1150
2,11424
2,11202
2,11015
2,1100
2,10879
2,10832
2,10810
2,10758
2,10707
2,1050
2,104
2,10240
2,ニューイングランド・ジャーナル・オブ・メディシン
2,ネイチャー・バイオメディカル・エンジニアリング
2,（@
2,「”」～「”」
2,%）
2,#
2,¥
2,]
2,[
2,!
2,;
2,-_
2,°
1,龍
1,鼻柱
1,黒板
1,鷲
1,鳴き声
1,鳥瞰
1,鲍哲
1,鯉
1,鮮度
1,鮮やか
1,魔術
1,魔女
1,魔
1,魅惑
1,髪
1,髙橋
1,高金利
1,高温
1,高次
1,高所
1,高学歴
1,高圧
1,高周波
1,高名
1,高分子
1,騒音
1,駆け込み
1,駆け引き
1,駄目
1,駄作
1,馴染み
1,馬糞
1,馬力
1,香料
1,餌
1,お飾り
1,飽和
1,飴
1,食肉
1,食糧難
1,食欲
1,食器洗い
1,食中毒
1,つまみ食い
1,飛行船
1,飛来
1,風車
1,風潮
1,風呂敷
1,類型
1,類例
1,願望
1,願い
1,額面
1,額縁
1,頻発
1,頸
1,頭角
1,頭蓋骨
1,頭文字
1,領地
1,領土
1,頒布
1,頑丈
1,頑
1,預金
1,預け入れ
1,音素
1,音波
1,韓
1,鞭
1,面談
1,非武装
1,非国民
1,非合法
1,静
1,青写真
1,露出
1,霧
1,震源
1,電車
1,電解
1,電脳
1,電磁気
1,電磁場
1,電磁
1,電動
1,電信柱
1,難読
1,難民
1,離職
1,離着陸
1,離散
1,離島
1,離れ
1,雛形
1,雑種
1,雌しべ
1,雌
1,集金
1,集落
1,集約
1,集まり
1,雄弁
1,雄しべ
1,隻
1,隠蔽
1,隠れ蓑
1,隠し立て
1,際限
1,隙間
1,隙
1,隔たり
1,随一
1,隈
1,隅々
1,陽極
1,陽一郎
1,陶酔
1,陳列
1,陰極
1,陣容
1,陣地
1,院生
1,院内
1,限度
1,降雨
1,降参
1,防音
1,防護
1,防犯
1,防火
1,防毒
1,防壁
1,防備
1,防
1,閣僚
1,関税
1,間髪
1,間際
1,間隔
1,間断
1,間の手
1,間引き
1,あっという間
1,開閉
1,開通
1,開校
1,開戦
1,閉店
1,閉塞
1,門番
1,門戸
1,門
1,長老
1,長等
1,長旅
1,長方形
1,長持ち
1,長年の夢
1,長居
1,鑑賞
1,錯覚
1,錯乱
1,錬金術
1,錠
1,鋼
1,鋒
1,銘柄
1,銃殺
1,銃撃
1,サンタンデール銀行
1,鉱石
1,鉄板
1,鉄
1,釣り合い
1,釘付け
1,金儲け
1,金もうけ
1,野鳥
1,野性
1,野外
1,野
1,重箱
1,重層
1,重宝
1,重労働
1,重力
1,釈明
1,醸造
1,醜悪
1,酸類
1,アミノ酸
1,酷似
1,酵母
1,酔い
1,酒屋
1,酒
1,配線
1,配当
1,都心
1,都内
1,都会人
1,都会
1,郵送
1,郵便
1,部類
1,邪道
1,邪悪
1,避難
1,遼寧
1,遺跡
1,遺体
1,適性
1,適当
1,遣い
1,遠視
1,遠方
1,遙
1,達
1,道筋
1,道端
1,道案内
1,道幅
1,過酸化水素
1,過失
1,過半数
1,運輸省
1,運び
1,遊説
1,逼迫
1,逸話
1,逸脱
1,進水
1,進数
1,連投
1,連帯
1,ソ連
1,造語
1,速報
1,速
1,通院
1,通達
1,通販
1,通説
1,通念
1,通年
1,通り名
1,通
1,逆転
1,逆さ
1,逃
1,退社
1,追い風
1,追い越し
1,追記
1,追究
1,追及
1,追
1,迷走
1,迷彩
1,迫力
1,返送
1,返礼
1,返し
1,お返し
1,近郊
1,お迎え
1,辽宁
1,農産物
1,農村
1,農作業
1,辛辣
1,輪郭
1,輝き
1,軽視
1,軽快
1,軽はずみ
1,軽やか
1,軽々
1,転落
1,転用
1,転機
1,転回
1,転写
1,軟体
1,軍隊
1,車路
1,車外
1,車いす
1,身分
1,躊躇
1,路地
1,跡形
1,足場
1,足固め
1,越し
1,超過
1,超人
1,起爆
1,起点
1,起源
1,走査
1,赤色
1,赤外線
1,赤信号
1,質素
1,賞
1,資金繰り
1,資
1,賃借
1,貸金
1,貸し出し
1,貸与
1,買い手
1,貴社
1,貯留
1,販売元
1,貧血
1,負債
1,負け
1,豪語
1,豚肉
1,議題
1,警鐘
1,警護
1,警官
1,講習
1,謙虚
1,謄本
1,諸君
1,論説
1,論評
1,論法
1,調製
1,調理場
1,調和
1,調合
1,課外
1,課
1,読唇
1,読み
1,誤読
1,誤訳
1,誠一
1,語法
1,語り手
1,語彙
1,語勢
1,誘発
1,誓約
1,誇示
1,話者
1,話法
1,すし詰め
1,詩
1,試験場
1,試食
1,試走
1,試聴
1,試料
1,試そう
1,詠唱
1,証左
1,訳文
1,許容
1,記
1,計量
1,計上
1,言論
1,言い訳
1,言い方
1,触発
1,解約
1,解答
1,解剖
1,角帽
1,角
1,観賞
1,観衆
1,観念
1,親身
1,親戚
1,親交
1,覚悟
1,覗き
1,視認
1,視聴覚
1,視座
1,規範
1,見込
1,見覚え
1,見積
1,見ず知らず
1,見学
1,見分け
1,見もの
1,要員
1,西部
1,西欧
1,西安
1,西アフリカ
1,西
1,襲来
1,襟
1,複素
1,製剤
1,裸
1,裴昶
1,補語
1,補聴器
1,裏面
1,裏打ち
1,裏付け
1,装飾
1,装甲
1,装具
1,裁断
1,被覆
1,被弾
1,被
1,袖口
1,衰弱
1,衰え
1,表面積
1,表裏一体
1,衣類
1,衣
1,衝動
1,術
1,行間
1,行き来
1,行儀
1,融通
1,蚊帳
1,虚像
1,薬物
1,薬学
1,薬味
1,薬代
1,薄笑い
1,薄利多売
1,蔚山
1,蔓延
1,蓄音機
1,蓄電池
1,蒸留
1,蒸気
1,葉
1,落札
1,落下
1,萎縮
1,華
1,菜園
1,サルモネラ菌
1,荷電
1,荷主
1,荒廃
1,草案
1,草分け
1,草
1,英次郎
1,苦戦
1,苦情
1,苦境
1,苦しまぎれ
1,苗木
1,苗
1,花嫁
1,芯
1,芥川賞
1,芝生
1,芝
1,色合い
1,色分け
1,ピンク色
1,良性
1,良心
1,良好
1,艦船
1,船底
1,船内
1,船主
1,船上
1,航海
1,興行
1,臭い
1,自転車
1,自販機
1,自薦
1,自給自足
1,自立
1,自滅
1,自慰
1,自信満々
1,自主
1,臨界
1,臆病者
1,膠着
1,膝
1,腹痛
1,腹の中
1,腫脹
1,リンパ腫
1,腕試し
1,腕前
1,脳しんとう
1,脱線
1,脱法
1,脱
1,脊椎
1,脈拍
1,胎児
1,背
1,肺がん
1,育ち
1,肯定
1,肩書き
1,肩代わり
1,肥満
1,肢
1,職人
1,聴聞
1,聖書
1,聖戦
1,聖地
1,老舗
1,老眼鏡
1,老朽
1,老人
1,翌朝
1,羽毛
1,義治
1,義
1,群集
1,群島
1,美貌
1,美学
1,羊
1,羅列
1,罰金
1,罰則
1,罰
1,置き去り
1,罠
1,繫
1,繁盛
1,縦糸
1,縄張り
1,縁石
1,編み物
1,編制
1,締結
1,締め出し
1,線維
1,総量
1,緊迫
1,綱領
1,続行
1,続出
1,続けざま
1,絶妙
1,絵画
1,絵柄
1,統治
1,統廃合
1,給電
1,絡み
1,結腸
1,結び目
1,結成
1,結実
1,組込み
1,組立
1,組み替え
1,組み方
1,組成
1,終結
1,終盤
1,終止符
1,紳士
1,細身
1,細切れ
1,細か
1,累進
1,累計
1,紡錘
1,紡績
1,素養
1,素っ頓狂
1,素粒子
1,素焼き
1,素敵
1,素人目
1,紙面
1,純度
1,純一
1,純
1,糾弾
1,精製
1,精算
1,精力
1,粘着
1,粘液
1,粗鋼
1,粗悪
1,粉末
1,粉乳
1,簡潔
1,簡易
1,篤
1,節減
1,節水
1,箱庭
1,算定
1,策略
1,答弁
1,筋繊維
1,筋ジストロフィー
1,筆跡
1,筆者
1,第一線
1,笑顔
1,笑い話
1,競売
1,端緒
1,端的
1,立脚
1,立法
1,立方メートル
1,立方
1,立候補
1,立ち上がり
1,窮状
1,窮屈
1,窮地
1,窓口
1,窃取
1,突進
1,突起
1,突入
1,穿刺
1,空手形
1,空き家
1,空き
1,穏当
1,積み荷
1,積荷
1,積み下ろし
1,穀物
1,稼業
1,稼ぎ
1,種族
1,税関
1,税込み
1,税務
1,移管
1,秘訣
1,秘蔵
1,秒速
1,科技
1,秋
1,私用
1,秀行
1,秀才
1,禅
1,祭典
1,神話
1,神業
1,祝福
1,祝い
1,お祝い
1,祖父
1,祖先
1,祐
1,社内外
1,社主
1,礼節
1,お礼
1,磨耗
1,磁場
1,磁化
1,確約
1,碁石
1,硬度
1,硫黄
1,硫化
1,破砕
1,破片
1,破棄
1,破格
1,研修生
1,サハラ砂漠
1,砂浜
1,石鹸
1,石山
1,石原
1,石井
1,短編
1,短大
1,短信
1,短め
1,知恵
1,知名度
1,知力
1,知
1,矛先
1,着地
1,着信
1,着任
1,眺め
1,真面目
1,真空
1,真皮
1,真っ白
1,真樹
1,真摯
1,真似
1,真ちゅう
1,看板
1,省略
1,盾
1,相違
1,相棒
1,相手方
1,相性
1,相応
1,相乗り
1,直近
1,直轄
1,直観
1,直行
1,直線
1,直流
1,直交
1,直
1,盲目
1,盲点
1,盲導犬
1,目隠し
1,目眩
1,目下
1,盗聴
1,白紙
1,白板
1,白昼
1,白壁
1,発進
1,発起人
1,発砲
1,発着
1,発現
1,発布
1,発声
1,発動
1,発券
1,発がん
1,癇癪
1,痛
1,症候
1,症例
1,病欠
1,病床
1,病原
1,病みつき
1,疾走
1,疲れ
1,疑問符
1,異性愛者
1,異同
1,異
1,番地
1,略奪
1,略号
1,留意
1,畏敬
1,畏怖
1,画質
1,画素
1,画策
1,町中
1,申込
1,申し出
1,田舎
1,メモ用紙
1,用心
1,産学
1,産地
1,生鮮
1,生身
1,生計
1,生真面目
1,生水
1,生き残り
1,生業
1,生放送
1,生半可
1,生乳
1,甚大
1,瓶詰め
1,環礁
1,理容
1,理学
1,理不尽
1,球形
1,球場
1,現役
1,現任
1,珍妙
1,王
1,獣医
1,猿
1,献身
1,猜疑
1,猛暑
1,猛
1,狭間
1,狭量
1,狭さく
1,独身
1,独裁
1,独断
1,独擅場
1,独善
1,狡猾
1,状勢
1,犯人
1,犯
1,特設
1,特約
1,特筆
1,特注
1,特権
1,特大
1,特命
1,物腰
1,物心
1,物干し
1,物価
1,物上
1,物まね
1,牧草
1,片隅
1,片道
1,片目
1,片側
1,爽快
1,爆薬
1,爆笑
1,爆死
1,熾烈
1,熱烈
1,熱源
1,熱気
1,熱望
1,熱中
1,熟達
1,熟知
1,熟慮
1,煽り
1,照会
1,焼却
1,焼き
1,無駄遣い
1,無責任
1,無言
1,無職
1,無節操
1,無痛
1,無尽蔵
1,無実
1,無力
1,無党派
1,無作法
1,無し
1,点滅
1,炭水化物
1,炭化
1,災難
1,災い
1,灯
1,火付け
1,たき火
1,激高
1,激震
1,激突
1,激戦
1,激化
1,潰瘍
1,潰し
1,潮見
1,潤沢
1,漬
1,漢文
1,演技
1,漏出
1,漆黒
1,漁場
1,溶解
1,溶融
1,溝
1,溜まり場
1,満喫
1,満員
1,湿り気
1,湿度
1,湾曲
1,湾岸
1,測深
1,温水
1,温床
1,温和
1,温
1,減給
1,減
1,渓谷
1,渇望
1,清貴
1,清掃
1,添加
1,添付
1,淹
1,混在
1,混同
1,深セン
1,液状
1,液
1,消防
1,消火栓
1,消毒
1,消失
1,消しゴム
1,浸食
1,浸入
1,海辺
1,海軍
1,海流
1,海洋
1,海底
1,海岸
1,海中
1,カリブ海
1,浴槽
1,浣腸
1,流線型
1,流産
1,流暢
1,流域
1,流し台
1,流ちょう
1,派閥
1,派遣
1,派兵
1,活
1,洸
1,洗練
1,洗い場
1,洗剤
1,洋服
1,泳ぎ方
1,泳ぎ
1,注視
1,ローマ法王
1,法学部
1,法外
1,法務
1,法体
1,況常
1,油性
1,河
1,沢山
1,没落
1,沖野
1,決闘
1,決裁
1,決死
1,決心
1,池
1,汚点
1,氷結
1,氷山
1,水面
1,水道局
1,水質
1,水蒸気
1,水産
1,水圧
1,水冷
1,水上
1,気運
1,気泡
1,気晴らし
1,気付け
1,民法
1,民事
1,氏名
1,毛髪
1,毛虫
1,毛
1,比類
1,比率
1,毒性
1,毎
1,母体
1,毀損
1,殿
1,殺風景
1,殺害
1,残業
1,残存
1,死角
1,死後
1,死因
1,死傷
1,死体
1,歳出
1,歯科
1,歯磨き粉
1,歯磨き
1,歩道
1,正門
1,正味
1,歓喜
1,欺瞞
1,欲
1,次代
1,權
1,檻
1,機転
1,機知
1,機材
1,機敏
1,機嫌
1,機動
1,樹脂
1,樹立
1,樹木
1,横長
1,横向き
1,横取り
1,模造
1,模型
1,模
1,標示
1,槽
1,様相
1,様変わり
1,構内
1,概論
1,概説
1,概略
1,楽団
1,楽器
1,検察
1,検事
1,植木鉢
1,棒
1,桟橋
1,案件
1,格闘
1,格言
1,格納庫
1,格
1,栄養士
1,査察
1,柴田
1,染色
1,染料
1,柑橘類
1,枢要
1,枝分かれ
1,果実
1,まな板
1,東芝
1,東欧
1,東北
1,東側
1,杯
1,杨永
1,来週
1,来春
1,条文
1,束
1,材
1,杉
1,本音
1,本道
1,本腰
1,本籍
1,本番
1,本流
1,本棚
1,本書
1,本土
1,本名
1,末端
1,末法
1,末期
1,未知数
1,未決
1,未定
1,木の間
1,木の葉
1,木目
1,木こり
1,期日
1,朝食
1,朗報
1,服飾
1,服従
1,服
1,有色
1,有罪
1,有給
1,有り様
1,有意義
1,有志
1,有名人
1,有
1,月賦
1,月収
1,ひと月
1,最高裁
1,最高峰
1,最盛
1,最小限
1,最多
1,最優秀
1,書面
1,書き言葉
1,書き手
1,更年期
1,曳航
1,曲線
1,曜日
1,暴風雨
1,暴風
1,暴徒
1,暴動
1,暮らし
1,暦本
1,暗黒
1,晴れ
1,景色
1,景気
1,景品
1,時の間
1,時折
1,時事
1,是非
1,是正
1,昨年来
1,昨年度
1,昨夏
1,昨
1,映写機
1,明細
1,明敏
1,昇進
1,早送り
1,早急
1,早々
1,旨
1,旧約
1,旧型
1,日陰
1,日経
1,日用
1,日照り
1,日焼け
1,日没
1,日曜日
1,日曜
1,日数
1,日付
1,既設
1,既成
1,既得
1,既報
1,既
1,旋盤
1,旅客
1,旅券
1,施錠
1,施策
1,方言
1,方策
1,方正
1,方向づけ
1,新鋭
1,新築
1,新星
1,新奇
1,新名
1,新参
1,新分野
1,新しもの
1,断言
1,斡旋
1,斜め
1,文明
1,文意
1,文字どおり
1,文型
1,文句
1,うたい文句
1,文中
1,敵視
1,敵意
1,数理
1,数個
1,敬遠
1,敬意
1,散見
1,散策
1,散々
1,教鞭
1,教科書
1,教材
1,教員
1,敗因
1,救命胴衣
1,救い
1,放題
1,放電
1,放課後
1,放置
1,放散
1,改装
1,改編
1,改築
1,改称
1,改姓
1,改修
1,支部
1,支柱
1,擲弾
1,操り
1,撤退
1,撤回
1,撤去
1,摩擦
1,搬送
1,搬入
1,揺さぶり
1,揺らぎ
1,揺れ
1,握り
1,掲示板
1,推計
1,推理
1,推察
1,接続詞
1,接種
1,接戦
1,採集
1,採点
1,採決
1,採択
1,掘り出し物
1,排他
1,排ガス
1,掌握
1,授受
1,据置
1,捕獲
1,振付け
1,振り
1,挨拶
1,挑発
1,指輪
1,指折り
1,指図
1,持ち運び
1,持ち逃げ
1,持説
1,持久
1,持ち主
1,拡声
1,招聘
1,拘置
1,拘束
1,拒絶
1,拍車
1,担い手
1,押し
1,お披露目
1,択方
1,択
1,抗生
1,抗
1,投機
1,抑圧
1,デジタル技術
1,才
1,手駒
1,手際
1,手遅れ
1,手近
1,手紙
1,お手本
1,手書き
1,手数
1,手掛かり
1,手持ち
1,手抜き
1,手応え
1,手始め
1,手品
1,手動
1,手前
1,手出し
1,手作り
1,お手伝い
1,手付
1,扇風機
1,所望
1,所持
1,所在
1,戸籍
1,戸惑い
1,戸
1,戯れ言
1,戦後
1,戦場
1,戦中
1,戒め
1,成都
1,成語
1,成城
1,成型
1,成否
1,懐中
1,憤慨
1,憂慮
1,慧
1,慣習
1,慣用
1,慣性
1,感心
1,感度
1,感嘆
1,愛護
1,愛知
1,愛着
1,愛想
1,愛媛
1,愚か者
1,愚痴
1,愕然
1,意訳
1,意表
1,意気投合
1,意匠
1,愉快
1,情景
1,悲痛
1,悲惨
1,悪手
1,悪戦苦闘
1,悪人
1,悪事
1,悩み
1,恥部
1,恣意
1,恒星
1,恒常
1,恋人
1,恋
1,怪物
1,怪しげ
1,怨嗟
1,急騰
1,急襲
1,急減
1,思春
1,思いつき
1,応対
1,応
1,忍耐
1,必読
1,必至
1,心気
1,心変わり
1,徴収
1,徳井
1,微量
1,微笑
1,微増
1,微分
1,復調
1,復刻
1,復元
1,得票
1,得意げ
1,得体
1,従前
1,従兄弟
1,徒歩
1,後部
1,後退
1,後見人
1,後肢
1,後継
1,後期
1,後月
1,後日
1,後世
1,待遇
1,待望
1,彼
1,役目
1,彷彿
1,彩
1,形跡
1,形容
1,彗星
1,当座しのぎ
1,当夜
1,当事者
1,弾道
1,弾丸
1,弾
1,強要
1,強行
1,強敵
1,強度
1,強大
1,弱視
1,弱者
1,弱
1,弟
1,引き金
1,引き締め
1,引き換え
1,引
1,建国
1,建て
1,延長線
1,延期
1,まん延
1,廃校
1,廃屋
1,廃墟
1,座礁
1,座
1,度数
1,府
1,底面
1,底辺
1,床や
1,広言
1,広州
1,広域
1,広がり
1,幼稚
1,幼児
1,幻覚
1,幻滅
1,幻想
1,幻
1,幸運
1,年額
1,年長
1,年率
1,年数
1,年収
1,年初
1,年刊
1,年々
1,平野
1,平穏
1,平準
1,平文
1,平坦
1,平和
1,幇助
1,帽子
1,常連
1,常態
1,常套
1,常勝
1,常務
1,常
1,帳簿
1,帳
1,帰り道
1,帰結
1,帰国
1,席巻
1,布製
1,市況
1,差額
1,巨費
1,巨人
1,工期
1,工学部
1,工員
1,巡査
1,州兵
1,崇拝
1,島国
1,島内
1,島々
1,スマトラ島
1,岩盤
1,岐路
1,山間
1,屋敷
1,屋
1,届
1,屈辱
1,屈曲
1,居場所
1,局所
1,局員
1,局内
1,尾
1,尼寺
1,尺度
1,尹
1,少女
1,小米
1,小競り合い
1,小物
1,小明
1,小文字
1,小児科
1,小びん
1,導
1,尋常
1,尊敬
1,専任
1,封鎖
1,対空
1,対比
1,対極
1,対岸
1,対局
1,寺
1,寸法
1,寸分
1,寵児
1,寮
1,審議
1,審問
1,寝具
1,寛大
1,寒波
1,寒気
1,寒冷
1,富豪
1,富士山
1,富国生命保険
1,密閉
1,密造
1,密か
1,容赦
1,容態
1,容姿
1,家風
1,家賃
1,家禽
1,家屋
1,宮殿
1,室温
1,客観
1,お客様
1,客員
1,実習
1,実社会
1,実生活
1,実況
1,実情
1,実在
1,実務
1,お宝
1,定説
1,定数
1,定価
1,定住
1,宙
1,官民
1,官公庁
1,宗教
1,完敗
1,完封
1,安藤
1,安易
1,安
1,守護神
1,孫
1,学際
1,学長
1,学賞
1,学科
1,学歴
1,学士
1,学びや
1,季節
1,存亡
1,字幕
1,子犬
1,子守
1,嫦娥
1,嫌気
1,嫌い
1,媒体
1,威圧
1,威勢
1,始
1,姉妹
1,妨
1,妙
1,妊孕
1,好物
1,好条件
1,好奇
1,好例
1,好
1,女の子
1,女優
1,奨学
1,奥底
1,奥地
1,奥
1,奔走
1,奔放
1,奏功
1,奉仕
1,失調
1,失脚
1,失望
1,失態
1,失地
1,夫
1,太陽熱
1,太地
1,天然痘
1,天津
1,天気
1,天体
1,大騒ぎ
1,大雪
1,大臣
1,大波
1,大江戸
1,大戦
1,大御所
1,大広間
1,大安売り
1,大学生
1,大地
1,大口
1,大前提
1,大使
1,多面
1,多種
1,多目的
1,外食
1,外界
1,外来
1,外れ
1,夕食
1,変速
1,変身
1,変質
1,変
1,売り込み
1,売れ行き
1,売れ筋
1,売れ残り
1,売春
1,売り切れ
1,売り主
1,壁掛け
1,墜落
1,増設
1,増減
1,増強
1,増員
1,増
1,塩
1,堪能
1,堅実
1,堅固
1,堂々巡り
1,埼玉
1,基調
1,基底
1,執拗
1,執事
1,埋め合わせ
1,垣根
1,垂れ流し
1,均等
1,坂本
1,地質
1,地獄
1,地殻
1,地形
1,地場
1,地元民
1,在職
1,在校生
1,在
1,圧勝
1,圧倒
1,土木
1,土曜
1,土台
1,土中
1,園芸
1,園内
1,国際医療福祉大学
1,国有
1,国政
1,国会
1,国々
1,固体
1,図面
1,図書館
1,図書
1,図式
1,団結
1,回覧
1,回想
1,回分
1,ばん回
1,四隅
1,四肢
1,四六時中
1,四つんばい
1,四
1,嚢胞
1,器機
1,喫茶店
1,喫緊
1,善良
1,啓蒙
1,啓一郎
1,問診
1,問い
1,商標
1,商店
1,商売
1,商圏
1,商人
1,哲学
1,員数
1,品行
1,品等
1,品目
1,和雄
1,和菓子
1,呼び出し
1,味付け
1,呪術
1,周遊
1,周波
1,告知
1,告発
1,吸引
1,含有
1,否
1,君臨
1,君
1,向こう岸
1,向う側
1,向
1,おう吐
1,名目
1,名指し
1,あだ名
1,同窓会
1,同率
1,同氏
1,同志
1,同庁
1,同大
1,同国
1,同じ
1,合間
1,合金
1,合
1,各項
1,各界
1,各回
1,各々
1,右折
1,台湾
1,可動
1,可
1,古来
1,口調
1,口紅
1,口実
1,口先
1,口げんか
1,はけ口
1,受験
1,受電
1,受諾
1,受話器
1,受精卵
1,受注
1,受け取り
1,受動
1,受け入れ
1,取り返し
1,取締
1,取り巻き
1,取り分
1,取り付け
1,取りざた
1,叔母
1,収蔵
1,収納
1,収束
1,収斂
1,収支
1,収奪
1,反響
1,反旗
1,双眼鏡
1,双
1,友
1,参戦
1,厳戒
1,厳
1,原音
1,原発
1,原生
1,原油
1,原案
1,原作
1,厚め
1,卸
1,卵白
1,即製
1,即答
1,危惧
1,危害
1,単体
1,南京
1,卓球
1,卓抜
1,卑劣
1,半額
1,半身不随
1,半永久
1,半信半疑
1,千載一遇
1,千葉
1,医務
1,区画
1,区切り
1,区分
1,北海
1,北極
1,北方
1,化工
1,化け
1,イオン化
1,包丁
1,勧め
1,勤続
1,勝ち負け
1,勝敗
1,勘
1,動議
1,動的
1,動揺
1,動
1,勇み足
1,勇敢
1,効き目
1,効用
1,労力
1,劣勢
1,加速器
1,いい加減
1,加味
1,功
1,力戦
1,力学
1,劇場
1,劇
1,創発
1,創始
1,創傷
1,創
1,割れ目
1,割り当て
1,副業
1,剥奪
1,前金
1,前途
1,前者
1,前置き
1,前線
1,前景
1,前払い
1,前側
1,前任
1,前代未聞
1,前かがみ
1,刻印
1,刺
1,券売
1,券
1,制裁
1,利率
1,利権
1,利幅
1,別名
1,別人
1,別世界
1,判然
1,初戦
1,初年度
1,初夏
1,刑期
1,刈り
1,切迫
1,切り貼り
1,切符
1,切望
1,切実
1,分量
1,分解能
1,分社
1,分泌
1,分娩
1,分化
1,分け前
1,出血
1,出生
1,出来栄え
1,出来合い
1,出口
1,出動
1,処方箋
1,凡庸
1,凝視
1,凝縮
1,冷静
1,冷遇
1,冷蔵
1,冷や汗
1,冷水
1,冷戦
1,写像
1,再送
1,再考
1,再編
1,再審
1,冊
1,円盤
1,円滑
1,内面
1,内金
1,内覧
1,内緒
1,内約
1,内田
1,内用
1,内燃
1,内心
1,内層
1,内密
1,内定
1,内国
1,内包
1,兼用
1,具
1,兵士
1,共生
1,ドミニカ共和国
1,マケドニア共和国
1,共催
1,六角形
1,公職
1,公聴
1,公社
1,公知
1,公的
1,公理系
1,公演
1,公民
1,公権力
1,公害
1,公判
1,公
1,全額
1,全盲
1,全数
1,全廃
1,入門
1,入用
1,入れ物
1,入札
1,入念
1,入学
1,入れ子
1,入場
1,児童
1,免責
1,光信
1,先陣
1,先鋭
1,先述
1,先見
1,先祖返り
1,先導
1,先天
1,先取り
1,先例
1,兆し
1,充足
1,充填
1,充分
1,充
1,元金
1,元通り
1,元気
1,元幸
1,元帳
1,儲け
1,優等生
1,償還
1,働き手
1,働型
1,働きかけ
1,僅差
1,傾斜
1,傭兵
1,傍観
1,傍目
1,偽薬
1,偽物
1,偽り
1,偶発
1,偵察
1,値引き
1,値上げ
1,借金
1,倒産
1,個体
1,俳優
1,修飾
1,修士
1,修了
1,信託
1,信用貸し
1,信条
1,信教
1,信
1,保安庁
1,保安
1,保全
1,保
1,俊足
1,係官
1,便乗
1,侵略
1,価
1,供述
1,供与
1,例示
1,例年
1,使途
1,使い
1,併設
1,併用
1,作り物
1,作業場
1,作付
1,余命
1,余剰
1,余り
1,何人
1,体調
1,体用
1,体液
1,体型
1,体勢
1,体力
1,住居
1,低速
1,低調
1,低温
1,低層
1,低め
1,伝道
1,伝記
1,伝聞
1,伝導
1,会談
1,会計検査院
1,优酷
1,休業
1,休暇
1,休み
1,伊藤
1,仲
1,仰天
1,代理人
1,代物
1,代数
1,代弁
1,付近
1,付箋
1,付与
1,付
1,他人行儀
1,仕草
1,仕業
1,仕掛け
1,仕入れ
1,仕上がり
1,介助
1,今風
1,今頃
1,今治
1,今晩
1,今春
1,今年度
1,今どき
1,人選
1,人道的
1,人見知り
1,人格
1,人手
1,人嫌い
1,交響
1,交通省
1,交尾
1,交友
1,交代
1,亜
1,些細
1,五角形
1,五感
1,五分五分
1,互角
1,二進法
1,二分
1,二つ
1,事案
1,事後
1,ただ事
1,争点
1,乳がん
1,乳
1,乱雑
1,乱射
1,乡在
1,九州大学
1,乗り気
1,乗り換え
1,乗り合い
1,乗り
1,主管
1,主権
1,主人公
1,丹念
1,中部
1,中退
1,中級
1,中東
1,中旬
1,中指
1,中庭
1,中年
1,中小
1,中学
1,中型
1,中国電力
1,中和
1,中古
1,中傷
1,ただ中
1,並進
1,並行
1,並
1,両院
1,东北
1,丘
1,世辞
1,世話
1,世界銀行
1,世田谷
1,世
1,この世
1,与党
1,与信
1,不運
1,不規則
1,不経済
1,不確か
1,不測
1,不注意
1,不死
1,不案内
1,不干渉
1,不屈
1,不妊症
1,不全
1,不備
1,不作法
1,不作
1,不一致
1,下肢
1,下痢
1,下方
1,下手くそ
1,下手
1,下品
1,下位
1,上面
1,上長
1,上達
1,上辺
1,上級車
1,上積み
1,上皮
1,上層
1,上客
1,上品
1,上向き
1,上司
1,上半期
1,上側
1,三角
1,三男
1,三原色
1,万能
1,万端
1,万全
1,万事
1,万が一
1,一部始終
1,一蹴
1,一語
1,一行
1,一瞬
1,一目瞭然
1,一様
1,一本釣り
1,一時しのぎ
1,一新
1,一文
1,一掃
1,一挙一動
1,一戸建て
1,一役
1,一平
1,一山
1,一家
1,一大
1,一変
1,一堂
1,一回り
1,一味
1,一助
1,一人称
1,一丸
1,zuckerberg
1,ZTE
1,Zoox
1,zoox
1,znK
1,zMc
1,Zips
1,zipline
1,ZigBee
1,Zeroth
1,ZeroFox
1,zerhoni
1,Zerboni
1,zapping
1,YwBMWvbE
1,yQM
1,ypA
1,younger
1,youll
1,Yorker
1,Yoochul
1,yitingsun
1,yield
1,Yet
1,yet
1,Years
1,Year
1,year
1,YEAp
1,Yard
1,XM
1,Xeon
1,wWOmEGGY
1,wristband
1,Wrist
1,wrightsreprints
1,WPJ
1,Worst
1,worrying
1,Worry
1,worldwide
1,WorldPoliticus
1,Working
1,working
1,workforce
1,Workers
1,worker
1,Work
1,word
1,Woods
1,woo
1,won
1,wizard
1,wiping
1,winter
1,winners
1,wing
1,windshield
1,wind
1,wilting
1,Williams
1,wikipedia
1,Wikileaks
1,WiGig
1,WiFi
1,whole
1,whipped
1,which
1,Where
1,Wheelers
1,wheeler
1,WhatsApp
1,whatsapp
1,western
1,were
1,weird
1,Weibo
1,Wefunder
1,weeks
1,week
1,Webvan
1,website
1,webprofessional
1,Webpass
1,webpass
1,webcreative
1,web
1,Weaves
1,wears
1,wearables
1,weapons
1,ways
1,waves
1,wavenet
1,Watson
1,Water
1,warrantless
1,warn
1,Wanted
1,Want
1,walking
1,Walkers
1,VX
1,vuln
1,Vtech
1,vs
1,VP
1,Voter
1,volunteers
1,volumizing
1,volatile
1,VoIP
1,Voice
1,vive
1,visions
1,Visionary
1,visionaries
1,Vision
1,virgin
1,vinci
1,vimeo
1,views
1,viewership
1,videos
1,victory
1,Victims
1,veteran
1,Verified
1,verified
1,Verifiable
1,verb
1,ventures
1,venture
1,vegetables
1,vector
1,ve
1,vans
1,valuable
1,Valor
1,vaccine
1,UX
1,uvmKnFY
1,UV
1,Using
1,Uses
1,users
1,useful
1,Us
1,urgent
1,upwork
1,UPS
1,upgrade
1,updating
1,unveiled
1,until
1,untethered
1,Unspoken
1,unreal
1,unproven
1,unmasked
1,unmanned
1,unlocking
1,Universe
1,universal
1,UNIST
1,Unintended
1,unintended
1,unicorn
1,unforced
1,unexpected
1,unemployment
1,underwater
1,Ultraprivate
1,Ultrafast
1,ultrafast
1,ukraines
1,ukraine
1,UIST
1,uc
1,ubiquitous
1,ubers
1,uavs
1,uav
1,typo
1,tylercowen
1,Tyler
1,tyburr
1,TX
1,tweets
1,TVA
1,turns
1,Turning
1,turned
1,Turn
1,turkey
1,turing
1,tunes
1,tube
1,TSA
1,TrumpVision
1,Trucks
1,trucks
1,trolls
1,triumphs
1,Trip
1,trigger
1,tried
1,tricks
1,Trials
1,trial
1,trends
1,Trello
1,treaty
1,Treasure
1,transplant
1,Translational
1,translates
1,translate
1,transit
1,transform
1,Transfer
1,transfer
1,transactions
1,train
1,Trail
1,traffic
1,traditional
1,Tracy
1,tracy
1,tracks
1,toy
1,Town
1,town
1,Toward
1,toward
1,tourists
1,tourism
1,tougher
1,Touch
1,totally
1,Toss
1,Tor
1,Took
1,tomorrows
1,tokyo
1,Today
1,toaster
1,TLS
1,titans
1,tim
1,Tidal
1,Threats
1,threats
1,Threatens
1,threatened
1,threat
1,thousand
1,Thomas
1,think
1,thing
1,theyd
1,They
1,These
1,thermoelectric
1,There
1,there
1,therapies
1,theft
1,theater
1,thats
1,Than
1,th
1,Text
1,texas
1,Testing
1,testing
1,terrorist
1,Terms
1,tencent
1,Ten
1,Tells
1,tells
1,tellex
1,Telekom
1,Telegraph
1,Telefonica
1,TEL
1,Ted
1,technologists
1,Technical
1,Tech
1,teaming
1,team
1,Tay
1,Taxis
1,taxes
1,tax
1,tasting
1,taste
1,Tasks
1,taskrabbit
1,targeted
1,Target
1,target
1,Tape
1,tanzanias
1,tank
1,Tangled
1,takes
1,Taken
1,tablet
1,System
1,synthetically
1,synthetic
1,synthesizer
1,sWGMuhNElG
1,Sweeney
1,sweatshops
1,sweats
1,sweat
1,Swanson
1,swanson
1,sutton
1,sustainability
1,Suspects
1,Survey
1,surreal
1,surprise
1,surfing
1,Surface
1,Supremacy
1,supremacy
1,superhighways
1,supercomputer
1,Supercharged
1,Super
1,Sun
1,suitx
1,suite
1,SuitＸ
1,Suit
1,suggests
1,Suddenly
1,sucking
1,such
1,success
1,subscription
1,stupidity
1,stupid
1,Study
1,study
1,Stub
1,strung
1,stronger
1,Stroke
1,strike
1,stretchable
1,Stressed
1,Stress
1,stress
1,STREAMS
1,streamline
1,stranded
1,Straining
1,straight
1,Stores
1,store
1,stony
1,Stochastic
1,STNP
1,stingrays
1,Still
1,sticker
1,Stewardship
1,steveconnor
1,Step
1,stefanie
1,Steel
1,steal
1,statlistics
1,station
1,States
1,Statement
1,State
1,Startups
1,Startup
1,Starting
1,starship
1,Starry
1,starry
1,StarCraft
1,starcraft
1,Stanford
1,standards
1,Standard
1,Stalls
1,stalls
1,stack
1,SSL
1,SSD
1,SQ
1,spying
1,spy
1,Spring
1,spread
1,spotter
1,Spot
1,sport
1,spooked
1,Sponsored
1,spns
1,spinal
1,spies
1,spiegel
1,Spied
1,spied
1,spicebox
1,sperm
1,Speech
1,spectacular
1,Spectacles
1,speak
1,spam
1,spacexs
1,Sony
1,sony
1,songsmith
1,sometimes
1,something
1,somatic
1,solving
1,solves
1,solved
1,Solve
1,solve
1,solution
1,Soldiers
1,solar
1,Social
1,Snowy
1,SnowWorld
1,Snooper
1,SNARC
1,snaps
1,snapchats
1,snapchat
1,snap
1,SMS
1,smog
1,SMI
1,smell
1,smartwatch
1,slump
1,slowly
1,slipping
1,slip
1,sleep
1,Slate
1,SLAC
1,Skyscanner
1,skypes
1,skype
1,Skunkworks
1,skin
1,sketching
1,skeptics
1,sized
1,size
1,Six
1,six
1,sitemap
1,sink
1,single
1,since
1,Simulating
1,simplest
1,Simple
1,simple
1,simonparkin
1,SimCity
1,SIM
1,silver
1,Signals
1,Sie
1,Shutdowns
1,shut
1,shrubs
1,showing
1,Show
1,shoulderX
1,shot
1,shorten
1,Shortcut
1,Shopping
1,shopping
1,shoppers
1,Shop
1,Shipping
1,ship
1,Shield
1,Shervin
1,shervin
1,Shatter
1,Shaped
1,shaped
1,shane
1,shampoo
1,shadow
1,SHA
1,sexist
1,sexism
1,sews
1,sewbo
1,sew
1,Sets
1,setbacks
1,services
1,seriously
1,sequencing
1,September
1,sePr
1,Senza
1,Sent
1,sensory
1,Sensor
1,Sense
1,send
1,Sellout
1,sellout
1,Selenium
1,sees
1,Seems
1,seeks
1,seeing
1,See
1,Security
1,securities
1,Secure
1,secure
1,secretary
1,Secret
1,Second
1,secede
1,seas
1,Searches
1,Search
1,Sea
1,sea
1,SE
1,SD
1,scrutiny
1,screw
1,scrambling
1,Scott
1,scotland
1,scolds
1,SCiStar
1,scientists
1,scientist
1,Sciences
1,ScienceDebate
1,school
1,scheme
1,scent
1,SCE
1,Scans
1,SBW
1,say
1,Sawyer
1,sawyer
1,saw
1,Saving
1,Save
1,satellites
1,satellite
1,Sandy
1,san
1,samsungs
1,samsung
1,same
1,Salesmen
1,salakhutdinov
1,SAIPS
1,saildrone
1,Sail
1,sail
1,safe
1,ryancross
1,RWE
1,Rwanda
1,rwanda
1,Rust
1,russian
1,Russ
1,ruslan
1,rural
1,Runs
1,runs
1,Run
1,run
1,rule
1,RTCA
1,rsxJwc
1,RSVP
1,RPG
1,royce
1,Royale
1,Routers
1,round
1,Ropes
1,Rooftop
1,Romeo
1,rolls
1,rollout
1,role
1,rogue
1,rogers
1,rod
1,ROCKET
1,rocket
1,Robotics
1,robo
1,Rob
1,rob
1,Roams
1,Roadblock
1,road
1,rna
1,Rise
1,Right
1,right
1,rift
1,rick
1,Richard
1,richard
1,Rhino
1,RFID
1,revolutionizing
1,revolutionize
1,reverse
1,revealed
1,reveal
1,Retinal
1,rethinks
1,Rethinking
1,rethink
1,retaining
1,result
1,restoring
1,Restaurants
1,restaurants
1,restarted
1,responding
1,resource
1,Resolution
1,reset
1,reputation
1,reproductive
1,represents
1,Reports
1,report
1,Renewables
1,Renewable
1,renewable
1,Renaissance
1,remus
1,remove
1,Remote
1,remote
1,reminder
1,rely
1,reliability
1,relentless
1,releases
1,Relations
1,related
1,rejuvenating
1,rejoice
1,Reinforcement
1,reiley
1,regulators
1,regulation
1,regular
1,Registry
1,Redline
1,Reddit
1,Red
1,Recycling
1,records
1,reconstruction
1,recommendations
1,Recognize
1,recognize
1,recipe
1,Receive
1,rearchitect
1,realtor
1,realitys
1,realDonaldTrump
1,Ready
1,read
1,Reactors
1,reactors
1,rates
1,rat
1,rao
1,Ransomware
1,Random
1,Ramp
1,rakuten
1,raising
1,raised
1,rail
1,radios
1,radical
1,Radar
1,Racing
1,r
1,QuTech
1,quit
1,Quickly
1,quickly
1,QuickDraw
1,Quick
1,question
1,quest
1,quantified
1,qualcomm
1,QQ
1,Qosmo
1,q
1,puzzle
1,putting
1,Puts
1,Publisher
1,Public
1,PTSD
1,Pruitt
1,Province
1,provides
1,Provide
1,prototype
1,proteins
1,protection
1,protect
1,prosper
1,pros
1,propulsion
1,ProPublica
1,props
1,Proposed
1,propilot
1,Promotes
1,promoter
1,promising
1,Promiseda
1,Promised
1,promise
1,projects
1,Progress
1,programmer
1,programing
1,profits
1,Profit
1,products
1,production
1,produces
1,Produce
1,Processing
1,Process
1,Proceed
1,probably
1,Prize
1,prize
1,Private
1,Privacy
1,printing
1,Printers
1,Prime
1,PrIA
1,pria
1,Preview
1,press
1,presidential
1,prepares
1,premium
1,predicts
1,predicted
1,precisionhawk
1,Precision
1,precise
1,Prakash
1,practical
1,pr
1,poZCINzxzrQ
1,PowerWatch
1,powerhouse
1,Possible
1,portrait
1,popular
1,Popescu
1,poorer
1,poop
1,pongs
1,Polygon
1,polling
1,Politico
1,politicians
1,political
1,police
1,Pokemon
1,pok
1,pointed
1,PO
1,plunge
1,plug
1,Plucky
1,plucky
1,plodding
1,plays
1,playground
1,plastic
1,PlantVillage
1,Planes
1,Pizza
1,pixels
1,pittsburgh
1,pioneers
1,pioneering
1,pioneer
1,pint
1,Pinged
1,pills
1,piggyback
1,Pierhead
1,piece
1,picturing
1,picked
1,pic
1,Physics
1,physics
1,physicists
1,physical
1,photosynthetic
1,Photosynthesis
1,photosynthesis
1,Photos
1,photos
1,photonics
1,photonic
1,photographs
1,Phoenix
1,Phillipe
1,Philips
1,philippe
1,Phi
1,Phenomenon
1,PfSPZ
1,peterburrows
1,pesticides
1,Peso
1,Personal
1,person
1,Persistent
1,perry
1,perkins
1,peril
1,perform
1,perfect
1,Pérez
1,Perdix
1,percent
1,People
1,pentagons
1,pentagon
1,penetration
1,Pelletier
1,pedestrians
1,peatix
1,Peabody
1,PDMS
1,PCI
1,Paytm
1,PayPal
1,Pay
1,pay
1,Paul
1,patterns
1,patrolling
1,patrol
1,Patients
1,patients
1,path
1,Patents
1,patent
1,Patch
1,pasta
1,past
1,password
1,passed
1,Parts
1,partridge
1,Partners
1,Paris
1,parents
1,parent
1,parasailing
1,paralyzed
1,Papers
1,Paperfuge
1,paper
1,Pants
1,painkiller
1,Pad
1,Packard
1,packard
1,Oxford
1,oxboticas
1,Oxbotica
1,Owned
1,owned
1,Own
1,Owen
1,ow
1,Overseas
1,oven
1,OvaScience
1,outgrowing
1,outer
1,outcome
1,outbreak
1,ourselves
1,OUaK
1,OtTqDkydKO
1,ottos
1,otto
1,Otherlab
1,otherlab
1,OsiriX
1,OSfd
1,Originals
1,origin
1,order
1,option
1,optimus
1,optimization
1,opposite
1,opponents
1,opioids
1,opinno
1,ophthalmologist
1,operate
1,OpenTable
1,openness
1,once
1,Olympics
1,OLED
1,old
1,OKCupid
1,Oil
1,often
1,offices
1,offers
1,offering
1,ODG
1,oculuss
1,octobot
1,ochulkimandelizabethwoyke
1,Ocean
1,occasion
1,Ocado
1,Obsolete
1,obsolete
1,observations
1,Obscene
1,Objects
1,o
1,NY
1,nvidias
1,NVIDIA
1,nvidia
1,NV
1,Nurx
1,Numbers
1,numbers
1,nudge
1,NtwZXGprxag
1,ntia
1,NSC
1,NOx
1,novel
1,notes
1,note
1,Norwest
1,northeast
1,North
1,Non
1,nJ
1,NISTEP
1,NIST
1,Nintendo
1,nintendo
1,NIMBY
1,nih
1,Night
1,nickromeo
1,Nick
1,Nicholas
1,nice
1,Niantic
1,niantic
1,NGO
1,newsletters
1,news
1,Neutrality
1,neuroengineering
1,Neural
1,Network
1,nestle
1,nestl
1,nervana
1,NEM
1,Needed
1,necessary
1,nearing
1,NBER
1,NBA
1,navigation
1,naveen
1,National
1,nation
1,natalya
1,NAO
1,Names
1,N
1,mysteries
1,MX
1,MWh
1,musks
1,musk
1,Music
1,muscles
1,Muscle
1,Muro
1,murder
1,multilingual
1,much
1,ms
1,MRI
1,mr
1,MPA
1,MP
1,movies
1,movie
1,Move
1,Motorized
1,Motor
1,motion
1,motherhood
1,Most
1,Morpheus
1,Moore
1,moonshot
1,moons
1,Moon
1,Mood
1,month
1,monsantos
1,monsanto
1,Monkeys
1,monkey
1,monitoring
1,mon
1,moments
1,moment
1,molecules
1,Module
1,Modified
1,modificaiton
1,modernize
1,moderna
1,modem
1,models
1,Model
1,model
1,Mobileye
1,MKX
1,mittrchinese
1,MITTR
1,Mitochondrial
1,mitochondria
1,Mississippi
1,missions
1,missing
1,Miso
1,minimum
1,Minecraft
1,Mine
1,mine
1,Miller
1,Military
1,Mile
1,mile
1,Mila
1,mid
1,microsofts
1,microsoft
1,micron
1,MGI
1,methodology
1,Metering
1,metamaterials
1,Metamaterial
1,Messaging
1,messages
1,Message
1,mesh
1,MERS
1,merger
1,merck
1,mercedes
1,mental
1,men
1,mellon
1,meld
1,mega
1,Meetup
1,Meet
1,Medical
1,medical
1,Mediated
1,mediaandtrade
1,Media
1,measured
1,meant
1,Mean
1,me
1,mcL
1,McKinsey
1,MCity
1,MBTA
1,maxes
1,Maureen
1,maureen
1,matters
1,matterport
1,matternet
1,Matrix
1,matrix
1,mathematics
1,Math
1,math
1,material
1,MATCH
1,match
1,Masters
1,masters
1,Marquezy
1,marquezy
1,markmuro
1,markharris
1,marketplace
1,mark
1,March
1,march
1,marahvistendahl
1,Mara
1,many
1,Manufacturing
1,Manu
1,Manager
1,Malta
1,malmo
1,making
1,makeup
1,Maize
1,mainstream
1,Main
1,Mails
1,mail
1,Mahnkop
1,Magazine
1,Machines
1,machinery
1,MacBook
1,MA
1,Ma
1,Lunar
1,lunar
1,Ludum
1,LS
1,loved
1,Love
1,Loses
1,loses
1,losers
1,Los
1,loophole
1,loop
1,Looming
1,Looking
1,look
1,longer
1,login
1,logging
1,Logfret
1,lockheed
1,locals
1,Locally
1,locally
1,lives
1,Liu
1,little
1,lithium
1,literacy
1,list
1,lipreading
1,Lip
1,linknyc
1,LINE
1,Limits
1,Limited
1,limb
1,likes
1,lights
1,lightning
1,lightbulbs
1,Light
1,lifelogging
1,LIDER
1,licker
1,license
1,Libratus
1,library
1,Liaoning
1,LG
1,Lexus
1,lexus
1,lewis
1,leukemia
1,Lets
1,Lessons
1,Lens
1,legX
1,legitimate
1,legg
1,Legends
1,legal
1,legacy
1,left
1,leaving
1,leaves
1,leashes
1,Learns
1,learned
1,leap
1,League
1,leads
1,leadership
1,Leader
1,leader
1,LDK
1,LCD
1,Lazy
1,laws
1,Law
1,Latest
1,latency
1,late
1,Last
1,lasers
1,Laser
1,laser
1,languages
1,Lane
1,landscape
1,landgrab
1,lack
1,laborers
1,Labor
1,labor
1,labels
1,Lab
1,kyanna
1,KPCB
1,Kopa
1,Knows
1,knows
1,known
1,know
1,Kindle
1,kindergarten
1,kind
1,Kim
1,killing
1,Kill
1,kill
1,kidney
1,kickstarters
1,kickstart
1,Kick
1,kI
1,Kg
1,Key
1,KEOLIS
1,Kenosia
1,Kennedy
1,Ken
1,ken
1,Keeps
1,keeps
1,keeping
1,KCS
1,kbps
1,kazerooni
1,Kathleen
1,katherinebourzac
1,karpathy
1,kappei
1,Kaplan
1,kadokawa
1,Just
1,Juskalian
1,June
1,Julie
1,julie
1,judges
1,JP
1,jordanawan
1,jonathanwrosen
1,jonathanrosen
1,join
1,johnfmalta
1,John
1,john
1,jNIqyyypojg
1,jmartin
1,Jj
1,Jima
1,JIAA
1,jets
1,Jennifer
1,jennifer
1,Jeeva
1,JCAR
1,Java
1,Japanese
1,japanese
1,jamestemple
1,james
1,Jack
1,ittechnologyrevieweditors
1,Itself
1,ISS
1,isolated
1,island
1,isis
1,isil
1,IR
1,iPhones
1,iphones
1,IPCC
1,iot
1,iOsKeaeXkb
1,IoA
1,involving
1,invoice
1,invisible
1,invests
1,invested
1,Inverse
1,inventors
1,inventor
1,Inventiontoa
1,Invaders
1,intuitive
1,intruders
1,intolerance
1,interview
1,intervention
1,International
1,international
1,Interfaces
1,interesting
1,Intercept
1,Interactive
1,interaction
1,Interact
1,intelligently
1,Intelligent
1,intelligent
1,Institute
1,institute
1,Instead
1,inspired
1,insight
1,inside
1,insects
1,injury
1,Initiative
1,initiative
1,inherit
1,Infrastructure
1,Information
1,info
1,Influence
1,Infections
1,infant
1,iNext
1,industrial
1,Indigo
1,indigo
1,indias
1,indian
1,india
1,Increases
1,Income
1,inception
1,Inbox
1,IMU
1,improving
1,Improves
1,Improve
1,improve
1,Important
1,important
1,implanted
1,impacting
1,impact
1,immune
1,immigrant
1,immediate
1,IMAX
1,imagining
1,Images
1,imagenet
1,IHS
1,ignores
1,ignore
1,Ignite
1,identify
1,Ideas
1,ideas
1,ICARUS
1,icann
1,ibm
1,iana
1,hydropower
1,hydroelectric
1,hvlHnMkdflI
1,Hvistendahl
1,hurdle
1,Hunting
1,Hundred
1,Humphries
1,Humans
1,humanitarians
1,Hue
1,HQMcTnEIuMg
1,Houzz
1,hours
1,Hound
1,HOT
1,hot
1,Hostage
1,hospitals
1,Hospital
1,hope
1,hooked
1,hometown
1,homeland
1,Home
1,homayoon
1,Hololens
1,Holographic
1,holograms
1,HoloEyes
1,Holding
1,hold
1,HLB
1,hive
1,History
1,history
1,his
1,hire
1,HillaryClinton
1,hillary
1,Hill
1,hill
1,Highlights
1,Higher
1,hidden
1,HFEA
1,Hewlett
1,hewlett
1,Here
1,here
1,hemorrhaging
1,Hemisphere
1,helper
1,helped
1,hello
1,heise
1,heel
1,heat
1,hearts
1,Heartbleed
1,heartbeat
1,heart
1,hear
1,heads
1,Head
1,he
1,HD
1,Having
1,having
1,haunted
1,haunt
1,Hat
1,hassabis
1,Hasn
1,Harvest
1,Harris
1,HapticWave
1,haptics
1,happy
1,Happened
1,Hangover
1,hanging
1,hands
1,Hand
1,hamper
1,halloween
1,hall
1,half
1,Hacking
1,Hackers
1,hacker
1,Hack
1,Gynophage
1,guypbenson
1,Guidelines
1,guidelines
1,guidance
1,guard
1,GSM
1,grow
1,Group
1,ground
1,Gross
1,grocery
1,grids
1,greenhouse
1,greenest
1,greener
1,Greatest
1,greatest
1,Great
1,GRASP
1,granola
1,Grand
1,grand
1,governments
1,government
1,governance
1,gos
1,Gorilla
1,GoogleFiber
1,Good
1,good
1,gone
1,goldman
1,Gold
1,gold
1,Going
1,GMOs
1,GMO
1,gmo
1,GMC
1,Gmail
1,gm
1,GLXP
1,Glowing
1,glowing
1,gloves
1,globe
1,glennfleishman
1,Glenn
1,Glasses
1,gJdhW
1,giving
1,GirlsWhoCode
1,gigacards
1,Gig
1,gig
1,GIF
1,gI
1,ghanas
1,gG
1,Getting
1,gesture
1,ges
1,geron
1,Germline
1,germany
1,georgia
1,georgeanders
1,George
1,george
1,Genomic
1,Genetically
1,genes
1,Generic
1,generation
1,Gears
1,gears
1,gear
1,gatess
1,Gates
1,gates
1,gatekeeper
1,Gate
1,gases
1,gaping
1,GAO
1,gamers
1,Gamer
1,Game
1,galaxy
1,gadgets
1,Gadget
1,gadget
1,GA
1,fund
1,functions
1,Fun
1,fun
1,fully
1,fukutake
1,Fuels
1,fuels
1,ftc
1,Friedman
1,friedman
1,Freedman
1,free
1,fredkaplan
1,Fred
1,franciscos
1,foundation
1,formula
1,former
1,fork
1,forever
1,Forest
1,Forerunner
1,ford
1,force
1,ForAllSecure
1,fold
1,foe
1,FM
1,fly
1,Flows
1,Flippy
1,flight
1,flexes
1,Fleishman
1,Fleets
1,fleets
1,fleet
1,fleek
1,flaws
1,flaming
1,Flag
1,five
1,Fitzgerald
1,FitBit
1,fit
1,firms
1,firewall
1,fires
1,FinTech
1,fins
1,Finley
1,finley
1,fingertips
1,Finds
1,finds
1,financial
1,Finance
1,files
1,Fighting
1,Field
1,Fidelity
1,few
1,fertility
1,fence
1,Felt
1,felt
1,Feels
1,Feeling
1,feel
1,Feeds
1,feeding
1,feedback
1,feed
1,federation
1,federal
1,fecal
1,Featured
1,feature
1,fears
1,Fear
1,Fdc
1,fbi
1,fatal
1,faster
1,Fast
1,Farr
1,Farmers
1,farm
1,FAQ
1,fairly
1,Fairley
1,failures
1,Failure
1,failure
1,facts
1,Faceteq
1,FA
1,Eye
1,extreme
1,extraordinary
1,extend
1,express
1,exposes
1,exploring
1,Explorer
1,Expire
1,Experiments
1,experimental
1,Experiment
1,experiment
1,Experience
1,expand
1,Exoskeleton
1,eXoskeleton
1,Executive
1,executive
1,excited
1,everywhere
1,everyone
1,everyday
1,every
1,ever
1,eventsreg
1,evan
1,europe
1,eulogy
1,Ethris
1,estimated
1,estimate
1,estate
1,espacequadri
1,Escapes
1,Erik
1,Equip
1,equip
1,epic
1,EO
1,environmental
1,environment
1,entrepreneurs
1,entrepreneur
1,enthusiastic
1,enters
1,Enter
1,enough
1,engineered
1,Engadget
1,enforcement
1,energia
1,enemy
1,Encrypted
1,enchromas
1,EnChroma
1,enabled
1,Emteq
1,emteq
1,empty
1,Empowerment
1,employment
1,Empathy
1,empathy
1,Emotions
1,emotion
1,emoji
1,Emissions
1,Emilio
1,emerge
1,embryonic
1,embraces
1,embedding
1,embarrassing
1,email
1,Elmaleh
1,elmaleh
1,Elikia
1,Electronic
1,Electricity
1,Electrical
1,electrical
1,Electrek
1,elections
1,Election
1,Elderly
1,either
1,effort
1,Education
1,education
1,Editors
1,editorial
1,editions
1,edition
1,Edison
1,edison
1,edges
1,Edge
1,edge
1,ECRI
1,Economy
1,economist
1,economics
1,Economic
1,echodyne
1,Echo
1,Echavarria
1,echavarria
1,eBay
1,Eatsa
1,Eater
1,easing
1,easier
1,earthquakes
1,Earth
1,ears
1,earbuds
1,Dynamics
1,dyn
1,dwindling
1,Duty
1,DuEr
1,duck
1,DSL
1,DS
1,Drumpf
1,drugs
1,dropped
1,Drives
1,drives
1,Drivers
1,drivers
1,driver
1,driveai
1,dressed
1,Dresden
1,Dreams
1,dreams
1,Draw
1,draining
1,dragon
1,DR
1,Download
1,Down
1,doubling
1,doubled
1,double
1,DOTA
1,dota
1,Dooribun
1,done
1,don
1,Dominating
1,dominating
1,domain
1,Dollar
1,doing
1,dogs
1,doesnt
1,does
1,DoD
1,document
1,doctors
1,Doctorow
1,Doctor
1,dns
1,dnc
1,DM
1,DlSY
1,DJ
1,Division
1,division
1,diversity
1,Dithering
1,disturbingly
1,distributed
1,Dissection
1,disruptive
1,Disposable
1,disposable
1,disorganized
1,Disk
1,diseases
1,Disease
1,Discussion
1,discount
1,disarm
1,Disabled
1,disabled
1,Disability
1,DirectTV
1,director
1,Directive
1,direction
1,differentiable
1,different
1,Diez
1,diet
1,Die
1,didi
1,diane
1,Diagnose
1,devour
1,Device
1,Development
1,developing
1,developers
1,Deutsche
1,detroit
1,detects
1,detector
1,detection
1,detecting
1,Details
1,Destruction
1,despite
1,desktop
1,Designer
1,designer
1,derived
1,depth
1,Depressed
1,depends
1,deny
1,densos
1,denso
1,demonstrators
1,demographic
1,demis
1,demands
1,Demand
1,demand
1,delivering
1,delivered
1,Deliver
1,deliver
1,Defense
1,def
1,Deep
1,debatenight
1,debate
1,death
1,deals
1,deal
1,de
1,ddos
1,Day
1,davos
1,davidrotman
1,davidhfreedman
1,davidbiskup
1,davidauerbach
1,david
1,davemillier
1,date
1,darpas
1,darkness
1,dark
1,Dare
1,dango
1,dangerous
1,Danbury
1,dana
1,Damage
1,Daily
1,daily
1,da
1,Cyborg
1,Cybernetic
1,cyberattacks
1,Cybathlon
1,Cut
1,cut
1,Currency
1,Cure
1,culture
1,cubicle
1,cubesats
1,CTF
1,CSS
1,CSAIL
1,cs
1,crystals
1,crystal
1,Cryptography
1,cryptography
1,CryptoDrop
1,cryptocurrency
1,Crunch
1,crucial
1,Crowley
1,cross
1,critic
1,Crisis
1,criminals
1,Crime
1,crime
1,creators
1,creator
1,Creation
1,Create
1,create
1,crash
1,cranks
1,Crain
1,craft
1,cozmo
1,Coyle
1,cows
1,Cowen
1,covers
1,courtneyhumphries
1,Courtney
1,Course
1,Country
1,countries
1,counting
1,Council
1,corydoctorow
1,Cory
1,cortex
1,Cortana
1,correct
1,Corporation
1,corporate
1,CORO
1,cornerstone
1,corners
1,corner
1,Cornell
1,cordless
1,Coping
1,COPD
1,cop
1,cooks
1,convince
1,Conversational
1,controls
1,controllers
1,contribute
1,continuum
1,contains
1,construction
1,constantly
1,constant
1,Conservation
1,Consequence
1,consequence
1,connection
1,congresss
1,Congress
1,confronting
1,Conformists
1,Confirms
1,conference
1,concrete
1,con
1,computings
1,Computing
1,complicated
1,competes
1,Comparing
1,compared
1,Company
1,Commuting
1,commuter
1,commute
1,Community
1,Communications
1,communicates
1,Commons
1,commodity
1,commission
1,commercialization
1,commerce
1,Commenting
1,commenting
1,comment
1,Comma
1,Coming
1,comics
1,colorblind
1,color
1,Collina
1,collina
1,collection
1,collaboration
1,Cold
1,cofounder
1,coelhobruno
1,code
1,CO
1,Co
1,cmu
1,CMS
1,CMO
1,CM
1,Cloud
1,Closer
1,closed
1,Clive
1,clintons
1,clinics
1,claims
1,claim
1,cities
1,Cisco
1,circuits
1,CIO
1,CIA
1,chuxing
1,Chronicle
1,christinafarr
1,christinacouch
1,choose
1,chiyoda
1,Chip
1,childhood
1,chief
1,chefs
1,checkers
1,Check
1,cheaper
1,Cheap
1,chatbots
1,Charter
1,charlesfishman
1,charging
1,charged
1,charge
1,Chaos
1,chaos
1,changing
1,changer
1,Change
1,Chance
1,chance
1,Challenges
1,chairwoman
1,CES
1,ceramic
1,cents
1,centralized
1,Cementing
1,cellular
1,cellphone
1,Celebrate
1,celebrate
1,CDN
1,cbullards
1,Caution
1,catherinecaruso
1,Catherine
1,catchy
1,Catalytix
1,cat
1,cashless
1,CAS
1,Caruso
1,Carrying
1,CarPlay
1,carol
1,carnegie
1,carnation
1,cargo
1,care
1,Carbon
1,Capture
1,capital
1,capcam
1,capacity
1,capable
1,Cancer
1,canada
1,Canaan
1,campaign
1,cameroons
1,cameroon
1,Cambridge
1,calorie
1,calls
1,CaliBurger
1,calculate
1,Café
1,Cafe
1,Cabiati
1,cabiati
1,By
1,Buzzfeed
1,Buyer
1,buyer
1,buy
1,bush
1,Burrows
1,burrito
1,burn
1,bumpy
1,bumblebees
1,Bullard
1,Building
1,Build
1,Budget
1,budget
1,Bubble
1,BTC
1,bryant
1,bruceschneier
1,brook
1,Bromium
1,brokers
1,Brochure
1,bro
1,britain
1,Brisbane
1,bringing
1,brikner
1,bridge
1,Brian
1,Brexit
1,brexit
1,breast
1,breakthroughs
1,breakthrough
1,breakout
1,Brakes
1,brakes
1,brains
1,bracing
1,bps
1,BP
1,boxes
1,bots
1,boston
1,born
1,border
1,boots
1,Booming
1,booming
1,book
1,Bon
1,body
1,Boats
1,boats
1,Bluxome
1,blunt
1,bluetooth
1,Blow
1,blood
1,Blockstack
1,block
1,BlizzCon
1,blizzards
1,blizzard
1,Blitab
1,blindness
1,Blaze
1,Blame
1,Black
1,bJgWWUfkQNs
1,bitcoin
1,bit
1,Biskup
1,biotime
1,bioterror
1,biotechnology
1,Biotech
1,BioStampRC
1,bioprinting
1,BioNascent
1,biomedicine
1,biomedical
1,biological
1,Biofabrication
1,Bing
1,Bill
1,Bid
1,bias
1,BHP
1,Beware
1,beware
1,Betting
1,bets
1,Bet
1,Best
1,berkeley
1,Bergstein
1,benz
1,Benefits
1,Belt
1,believe
1,bekleide
1,Being
1,being
1,behaving
1,begun
1,begins
1,beginning
1,begin
1,BeeHex
1,because
1,became
1,Bebylon
1,beaten
1,Beast
1,Beams
1,beam
1,Bc
1,bayer
1,baxter
1,Battles
1,Battle
1,battle
1,Batteries
1,BASIC
1,Basic
1,BASF
1,Based
1,based
1,Barry
1,barry
1,bargain
1,Barack
1,barack
1,banks
1,Bankruptcy
1,Bank
1,bank
1,Ban
1,ban
1,ballot
1,Balloons
1,baidus
1,Baidu
1,badly
1,bad
1,backX
1,backwaters
1,backseat
1,backscattering
1,backing
1,backers
1,Back
1,Baby
1,Babies
1,Azure
1,Axios
1,Awkward
1,awkward
1,Avenue
1,available
1,autonomy
1,automotive
1,Automation
1,Automated
1,automakers
1,Autologous
1,auto
1,auth
1,australia
1,Augumented
1,augmentation
1,Augment
1,Audit
1,audis
1,atts
1,Atlantic
1,asteroid
1,asterias
1,association
1,Associated
1,assistive
1,assist
1,Assigned
1,asias
1,asian
1,ASA
1,Arvada
1,arts
1,arrive
1,arrival
1,arrest
1,Army
1,arms
1,ARM
1,Arizona
1,argument
1,arent
1,arcades
1,Arcade
1,Ara
1,Aquion
1,Aquatic
1,appliance
1,apples
1,Appetit
1,apartments
1,AP
1,AOL
1,anywhere
1,anything
1,anyone
1,Any
1,any
1,anxieties
1,Antidote
1,antidote
1,Anthony
1,answer
1,Anshan
1,announcing
1,anki
1,Angle
1,AngelList
1,Angeles
1,Angel
1,angel
1,Anett
1,android
1,andrej
1,Anders
1,Ancients
1,analyzing
1,analysis
1,Analogy
1,amw
1,amplify
1,Among
1,AMOLED
1,americans
1,Américain
1,Ambri
1,ambitions
1,AM
1,am
1,alumni
1,ALUM
1,Altitude
1,although
1,Alternative
1,Alphabet
1,alphabet
1,allure
1,alloy
1,allow
1,Alliance
1,ALL
1,Alibaba
1,Algorithm
1,algae
1,alerts
1,ais
1,airware
1,airplanes
1,Airmada
1,airmada
1,aircraft
1,air
1,aim
1,aids
1,aho
1,ahead
1,Agriculture
1,agriculture
1,agree
1,agitation
1,aggressively
1,agents
1,agency
1,Age
1,age
1,Against
1,Again
1,africas
1,Africa
1,afitzgerald
1,afford
1,AES
1,AeroForm
1,AEnykM
1,AECOM
1,Adweek
1,Advisor
1,advertising
1,advertisers
1,Advances
1,AdSense
1,adsales
1,additive
1,added
1,add
1,adaptation
1,adampopescu
1,Adam
1,Actually
1,actually
1,Activity
1,activated
1,ACS
1,across
1,Acid
1,achilles
1,achieve
1,accurately
1,accurate
1,accountable
1,Accountability
1,ACCO
1,accion
1,accessory
1,Access
1,ACC
1,aca
1,abuse
1,Ability
1,abBfZB
1,9983
1,9980
1,998
1,9963
1,9903
1,9896
1,9838
1,9833
1,9820
1,9695
1,9632
1,960
1,9585
1,9566
1,9522
1,9464
1,9454
1,94107
1,9408
1,9353
1,9344
1,932
1,9300
1,93
1,924
1,921
1,92
1,917
1,9143
1,911
1,9085
1,9082
1,9076
1,9071
1,904
1,903
1,9002
1,8999
1,8989
1,8947
1,8943
1,8869
1,8855
1,8852
1,8848
1,8838
1,8785
1,8782
1,8700
1,868
1,8617
1,8612
1,8596
1,8583
1,857
1,8503
1,850
1,8496
1,8493
1,8478
1,8474
1,8388
1,8380
1,835
1,8336
1,8276
1,8270
1,8248
1,8218
1,820
1,8124
1,8123
1,8100
1,808
1,8018
1,8015
1,8008
1,8005
1,8004
1,80005
1,7998
1,797
1,7906
1,7902
1,79
1,7856
1,7851
1,7848
1,7788
1,769
1,75755
1,749
1,7489
1,7475
1,747
1,741
1,740
1,732
1,7216
1,7214
1,720
1,7174
1,7167
1,71
1,7088
1,7034
1,6983
1,6800
1,679
1,6700
1,6600
1,660
1,6591
1,659
1,653
1,652
1,6500
1,6493
1,6396
1,6381
1,636
1,6300
1,620
1,62
1,6194
1,61
1,603
1,599
1,598
1,5940
1,59
1,584
1,5800
1,58
1,5771
1,5725
1,5705
1,570
1,5677
1,5627
1,5618
1,5532
1,5530
1,5520
1,5500
1,5493
1,5490
1,5445
1,5439
1,54
1,538
1,5373
1,5352
1,5336
1,5334
1,5327
1,532
1,5307
1,530
1,53
1,5267
1,5251
1,5239
1,5230
1,5159
1,5127
1,511
1,5089
1,501
1,499
1,4975
1,4972
1,4969
1,4967
1,492
1,4839
1,4720
1,4672
1,4600
1,4546
1,454
1,4530
1,450
1,4425
1,4400
1,4316
1,4270
1,4267
1,4266
1,4253
1,4214
1,4211
1,419
1,4189
1,4109
1,4084
1,4080
1,4076
1,4013
1,3999
1,398
1,3976
1,396
1,3959
1,3910
1,390
1,3803
1,3800
1,3779
1,3718
1,3705
1,3700
1,3686
1,3681
1,3679
1,3677
1,365
1,3600
1,36
1,3511
1,351
1,349
1,3458
1,3454
1,3444
1,3438
1,3437
1,3404
1,34000
1,340
1,3370
1,336
1,3320
1,3309
1,330
1,33
1,3283
1,3282
1,3259
1,3258
1,3254
1,3237
1,3220
1,3213
1,31917
1,31734
1,31247
1,310
1,30891
1,30775
1,30772
1,3055
1,30473
1,30470
1,3033
1,3032
1,303
1,299
1,2982
1,29800
1,29771
1,29530
1,294
1,2938
1,29274
1,2922
1,2900
1,290
1,289
1,2884
1,2879
1,2874
1,2871
1,2863
1,28629
1,28605
1,28601
1,28415
1,28235
1,281
1,28059
1,28044
1,2800
1,2798
1,2795
1,27811
1,2780
1,278
1,27787
1,27782
1,2778
1,27603
1,27600
1,27564
1,2700
1,2693
1,2690
1,267
1,266
1,2656
1,2655
1,265
1,26266
1,2622
1,2617
1,260
1,254
1,2539
1,2532
1,2530
1,253
1,2501
1,24443
1,2400
1,23911
1,238
1,23609
1,233030
1,23259
1,23128
1,231
1,23010
1,23001
1,230
1,22949
1,22838
1,22767
1,222
1,2200
1,21776
1,217
1,21623
1,21609
1,215
1,214
1,209
1,20852
1,20848
1,20837
1,2045
1,2035
1,20311
1,2029
1,2024
1,202
1,20160930
1,20160731
1,20158
1,2002
1,1996
1,1992
1,1981
1,1976
1,1968
1,1967
1,1966
1,1952
1,1951
1,1950
1,1948
1,1942
1,1934
1,193
1,1929
1,19270
1,1922
1,192
1,19196
1,19079
1,1903
1,1901
1,190
1,1890
1,1881
1,18803
1,1880
1,18757
1,18583
1,18581
1,1857
1,18513
1,1835
1,18313
1,18183
1,1800
1,17609
1,17603
1,17446
1,1712
1,16955
1,16912
1,16861
1,168
1,16691
1,16575
1,16420
1,162
1,1617
1,1616
1,1608
1,16044
1,159
1,15899
1,156
1,1556
1,154
1,15343
1,151
1,148
1,14426
1,1430
1,14280
1,14236
1,14232
1,14150
1,14132
1,141002076
1,13990
1,13985
1,13981
1,13975
1,13909
1,137
1,13635
1,13533
1,134
1,13326
1,1325
1,132
1,13168
1,13163
1,1303
1,12835
1,12833
1,128
1,12756
1,12576
1,125
1,12489
1,12458
1,12423
1,12364
1,12311
1,12267
1,12259
1,12200
1,1220
1,12195
1,12179
1,12124
1,12116
1,12098
1,12060
1,12055
1,12018
1,12002
1,120
1,11973
1,11967
1,11950
1,11949
1,1186
1,11807
1,11751
1,11738
1,11736
1,11728
1,11724
1,117
1,11633
1,11625
1,116
1,11598
1,11542
1,11501
1,115
1,11499
1,11449
1,114
1,1138
1,11364
1,11363
1,11332
1,1133
1,11319
1,112
1,11195
1,11187
1,1115
1,11137
1,11134
1,11127
1,11049
1,11047
1,11045
1,10986
1,10915
1,10902
1,10849
1,10830
1,10797
1,10790
1,10775
1,10732
1,10730
1,10727
1,1070
1,10671
1,10636
1,10621
1,1052
1,10516
1,10481
1,10354
1,10344
1,10119
1,10068
1,10007
1,10005
1,1000000
1,08684
1,0846
1,08225
1,06810
1,06628
1,0623
1,02142
1,015
1,リアルタイム・ストラテジー・コンピューター・ゲーム
1,ハンドヘルド・コンピューティング・デバイス
1,　+
1,「#
1,（$
1,―”～”―”
1,（.
1,*。
1,[[[～]]]
1,)(
1,(「
1,”（”～”）”
1,”.”
1,”:”
1,”,”～”,”
1,”,”
1,”=”
1,/）
1,??
1,!）」（
1,!!!　
1,,”）
1,,“
1,,’
1,=_
